Country,Response_measure,date_start,date_end
Austria,AdaptationOfWorkplace,3/16/2020,4/13/2020
Austria,AdaptationOfWorkplace,4/1/2021,NA
Austria,BanOnAllEvents,11/3/2020,5/18/2021
Austria,ClosDaycare,3/16/2020,5/4/2020
Austria,ClosDaycare,11/17/2020,12/7/2020
Austria,ClosHigh,3/16/2020,9/30/2020
Austria,ClosHighPartial,11/3/2020,NA
Austria,ClosPrim,11/17/2020,12/7/2020
Austria,ClosPrim,12/26/2020,2/6/2021
Austria,ClosPrimPartial,3/16/2020,5/18/2020
Austria,ClosPubAny,3/16/2020,4/13/2020
Austria,ClosPubAny,5/2/2020,5/14/2020
Austria,ClosPubAny,11/16/2020,12/6/2020
Austria,ClosPubAny,12/28/2020,2/6/2021
Austria,ClosPubAnyPartial,4/14/2020,5/1/2020
Austria,ClosPubAnyPartial,5/15/2020,11/15/2020
Austria,ClosPubAnyPartial,12/7/2020,12/27/2020
Austria,ClosPubAnyPartial,2/7/2021,NA
Austria,ClosSec,11/3/2020,2/7/2021
Austria,ClosSecPartial,3/16/2020,6/3/2020
Austria,ClosSecPartial,2/8/2021,5/16/2021
Austria,EntertainmentVenues,3/16/2020,4/30/2020
Austria,EntertainmentVenues,11/3/2020,2/7/2021
Austria,EntertainmentVenuesPartial,2/8/2021,NA
Austria,GymsSportsCentres,11/3/2020,5/18/2021
Austria,GymsSportsCentresPartial,5/19/2021,NA
Austria,HotelsOtherAccommodation,3/31/2020,5/29/2020
Austria,HotelsOtherAccommodation,11/3/2020,5/18/2021
Austria,HotelsOtherAccommodationPartial,5/19/2021,NA
Austria,IndoorOver100,3/11/2020,6/30/2020
Austria,IndoorOver1000,8/1/2020,9/13/2020
Austria,IndoorOver50,9/14/2020,11/2/2020
Austria,IndoorOver500,7/1/2020,7/31/2020
Austria,MasksMandatoryAllSpaces,9/14/2020,6/9/2021
Austria,MasksMandatoryClosedSpaces,4/6/2020,6/14/2020
Austria,MasksMandatoryClosedSpaces,6/10/2021,NA
Austria,MasksMandatoryClosedSpacesPartial,6/15/2020,9/13/2020
Austria,MasksVoluntaryClosedSpacesPartial,3/31/2020,4/5/2020
Austria,MassGather50,11/3/2020,5/18/2021
Austria,MassGather50Partial,9/14/2020,11/2/2020
Austria,MassGatherAll,3/11/2020,7/31/2020
Austria,MassGatherAll,11/3/2020,5/18/2021
Austria,MassGatherAllPartial,8/1/2020,11/2/2020
Austria,NonEssentialShops,3/16/2020,4/13/2020
Austria,NonEssentialShops,11/17/2020,12/6/2020
Austria,NonEssentialShops,12/26/2020,2/7/2021
Austria,NonEssentialShops,11/22/2021,NA
Austria,NonEssentialShopsPartial,4/14/2020,5/1/2020
Austria,NonEssentialShopsPartial,12/7/2020,12/25/2020
Austria,NonEssentialShopsPartial,2/8/2021,11/21/2021
Austria,OutdoorOver100,9/14/2020,11/2/2020
Austria,OutdoorOver1000,8/1/2020,9/13/2020
Austria,OutdoorOver500,3/11/2020,7/31/2020
Austria,PlaceOfWorship,3/16/2020,5/14/2020
Austria,PlaceOfWorship,11/16/2020,12/6/2020
Austria,PlaceOfWorship,12/28/2020,2/6/2021
Austria,PlaceOfWorshipPartial,5/15/2020,11/15/2020
Austria,PlaceOfWorshipPartial,12/7/2020,12/27/2020
Austria,PlaceOfWorshipPartial,2/7/2021,NA
Austria,PrivateGatheringRestrictions,3/16/2020,4/30/2020
Austria,PrivateGatheringRestrictions,10/23/2020,11/16/2020
Austria,PrivateGatheringRestrictionsPartial,5/19/2021,NA
Austria,QuarantineForInternationalTravellers,3/10/2020,NA
Austria,RegionalStayHomeOrder,4/1/2021,5/2/2021
Austria,RestaurantsCafes,3/16/2020,5/14/2020
Austria,RestaurantsCafes,11/3/2020,5/14/2021
Austria,RestaurantsCafes,11/22/2021,NA
Austria,RestaurantsCafesPartial,5/15/2021,11/21/2021
Austria,SocialCircle,11/17/2020,5/18/2021
Austria,StayHomeGen,3/10/2020,3/15/2020
Austria,StayHomeOrder,3/16/2020,4/30/2020
Austria,StayHomeOrder,11/17/2020,12/6/2020
Austria,StayHomeOrder,12/26/2020,2/7/2021
Austria,StayHomeOrder,11/22/2021,NA
Austria,StayHomeOrderPartial,11/3/2020,11/16/2020
Austria,StayHomeOrderPartial,12/7/2020,12/25/2020
Austria,StayHomeOrderPartial,2/8/2021,5/15/2021
Austria,StayHomeOrderPartial,11/15/2021,11/21/2021
Austria,Teleworking,3/10/2020,NA
Belgium,BanOnAllEvents,11/2/2020,3/7/2021
Belgium,BanOnAllEventsPartial,5/1/2021,6/8/2021
Belgium,ClosDaycare,5/1/2020,6/2/2020
Belgium,ClosDaycare,11/12/2020,11/15/2020
Belgium,ClosHigh,3/13/2020,9/20/2020
Belgium,ClosHighPartial,9/21/2020,8/29/2021
Belgium,ClosPrim,3/13/2020,5/17/2020
Belgium,ClosPrim,11/12/2020,11/16/2020
Belgium,ClosPrim,3/29/2021,4/18/2021
Belgium,ClosPrimPartial,5/18/2020,6/8/2020
Belgium,ClosPubAny,3/13/2020,5/3/2020
Belgium,ClosPubAnyPartial,5/4/2020,NA
Belgium,ClosSec,3/13/2020,5/17/2020
Belgium,ClosSec,11/12/2020,11/15/2020
Belgium,ClosSec,3/29/2021,4/18/2021
Belgium,ClosSecPartial,5/18/2020,8/28/2020
Belgium,EntertainmentVenues,3/13/2020,5/17/2020
Belgium,EntertainmentVenues,11/2/2020,4/12/2021
Belgium,EntertainmentVenuesPartial,5/18/2020,11/1/2020
Belgium,EntertainmentVenuesPartial,4/13/2021,10/1/2021
Belgium,GymsSportsCentres,3/13/2020,5/3/2020
Belgium,GymsSportsCentresPartial,5/4/2020,7/1/2020
Belgium,GymsSportsCentresPartial,11/2/2020,NA
Belgium,IndoorOver1000,3/10/2020,3/17/2020
Belgium,IndoorOver500,7/1/2020,11/1/2020
Belgium,IndoorOver500,10/28/2021,NA
Belgium,MasksMandatoryAllSpacesPartial,5/4/2020,NA
Belgium,MasksVoluntaryAllSpaces,5/4/2020,7/10/2020
Belgium,MassGather50,11/2/2020,3/7/2021
Belgium,MassGather50Partial,5/1/2021,6/8/2021
Belgium,MassGatherAll,3/10/2020,3/17/2020
Belgium,MassGatherAll,7/1/2020,10/18/2020
Belgium,MassGatherAll,11/2/2020,3/7/2021
Belgium,MassGatherAll,10/28/2021,NA
Belgium,MassGatherAllPartial,10/19/2020,11/1/2020
Belgium,MassGatherAllPartial,5/1/2021,6/8/2021
Belgium,NonEssentialShops,3/13/2020,5/3/2020
Belgium,NonEssentialShops,11/2/2020,11/30/2020
Belgium,NonEssentialShopsPartial,5/4/2020,6/2/2020
Belgium,NonEssentialShopsPartial,10/19/2020,11/1/2020
Belgium,NonEssentialShopsPartial,12/1/2020,NA
Belgium,OutdoorOver500,7/1/2020,11/1/2020
Belgium,OutdoorOver500,10/28/2021,NA
Belgium,PlaceOfWorship,3/13/2020,6/7/2020
Belgium,PlaceOfWorshipPartial,6/8/2020,10/5/2020
Belgium,PlaceOfWorshipPartial,2/21/2021,NA
Belgium,PrivateGatheringRestrictions,3/18/2020,6/30/2020
Belgium,PrivateGatheringRestrictions,10/6/2020,3/7/2021
Belgium,PrivateGatheringRestrictions,3/20/2021,4/25/2021
Belgium,PrivateGatheringRestrictions,6/27/2021,9/1/2021
Belgium,PrivateGatheringRestrictionsPartial,3/8/2021,3/19/2021
Belgium,PrivateGatheringRestrictionsPartial,4/26/2021,6/26/2021
Belgium,PrivateGatheringRestrictionsPartial,11/20/2021,NA
Belgium,QuarantineForInternationalTravellers,7/1/2020,NA
Belgium,RegionalStayHomeOrderPartial,7/28/2020,8/26/2020
Belgium,RestaurantsCafes,3/13/2020,6/7/2020
Belgium,RestaurantsCafes,10/19/2020,4/25/2021
Belgium,RestaurantsCafesPartial,6/8/2020,10/18/2020
Belgium,RestaurantsCafesPartial,4/26/2021,9/1/2021
Belgium,RestaurantsCafesPartial,10/28/2021,NA
Belgium,SocialCircle,3/18/2020,6/8/2021
Belgium,StayHomeGenPartial,5/10/2020,8/31/2020
Belgium,StayHomeOrder,3/18/2020,5/9/2020
Belgium,StayHomeOrderPartial,10/16/2020,5/7/2021
Belgium,Teleworking,3/10/2020,6/7/2020
Belgium,Teleworking,10/19/2020,NA
Belgium,TeleworkingPartial,6/8/2020,10/18/2020
Bulgaria,AdaptationOfWorkplace,10/1/2020,4/30/2021
Bulgaria,BanOnAllEvents,3/8/2020,5/14/2020
Bulgaria,BanOnAllEventsPartial,5/15/2020,6/30/2020
Bulgaria,ClosDaycare,3/13/2020,5/21/2020
Bulgaria,ClosDaycare,11/27/2020,1/3/2021
Bulgaria,ClosDaycare,3/22/2021,3/31/2021
Bulgaria,ClosDaycarePartial,5/22/2020,6/14/2020
Bulgaria,ClosHigh,3/13/2020,5/31/2020
Bulgaria,ClosHighPartial,6/1/2020,5/31/2021
Bulgaria,ClosHighPartial,10/21/2021,NA
Bulgaria,ClosPrim,3/13/2020,9/14/2020
Bulgaria,ClosPrim,11/27/2020,1/3/2021
Bulgaria,ClosPrim,3/22/2021,3/31/2021
Bulgaria,ClosPrimPartial,10/21/2021,NA
Bulgaria,ClosPubAny,3/13/2020,5/17/2020
Bulgaria,ClosPubAnyPartial,5/18/2020,6/14/2020
Bulgaria,ClosPubAnyPartial,10/29/2020,NA
Bulgaria,ClosSec,3/13/2020,9/14/2020
Bulgaria,ClosSecPartial,10/29/2020,5/31/2021
Bulgaria,ClosSecPartial,10/21/2021,NA
Bulgaria,EntertainmentVenues,3/13/2020,5/17/2020
Bulgaria,EntertainmentVenuesPartial,11/14/2020,NA
Bulgaria,GymsSportsCentres,3/13/2020,5/17/2020
Bulgaria,GymsSportsCentres,3/22/2021,3/31/2021
Bulgaria,GymsSportsCentresPartial,5/18/2020,6/14/2020
Bulgaria,GymsSportsCentresPartial,11/27/2020,3/21/2021
Bulgaria,GymsSportsCentresPartial,4/1/2021,NA
Bulgaria,MasksMandatoryAllSpaces,3/30/2020,3/31/2020
Bulgaria,MasksMandatoryAllSpaces,4/12/2020,4/30/2020
Bulgaria,MasksMandatoryClosedSpaces,5/1/2020,NA
Bulgaria,MassGather50,3/8/2020,5/14/2020
Bulgaria,MassGather50Partial,5/15/2020,6/30/2020
Bulgaria,MassGatherAll,3/8/2020,3/12/2020
Bulgaria,MassGatherAllPartial,3/13/2020,6/30/2020
Bulgaria,NonEssentialShops,3/13/2020,5/17/2020
Bulgaria,NonEssentialShops,11/27/2020,1/31/2021
Bulgaria,NonEssentialShops,3/22/2021,3/31/2021
Bulgaria,NonEssentialShopsPartial,10/21/2021,NA
Bulgaria,PrivateGatheringRestrictions,3/8/2020,6/30/2020
Bulgaria,PrivateGatheringRestrictions,11/27/2020,5/31/2021
Bulgaria,PrivateGatheringRestrictions,9/7/2021,NA
Bulgaria,QuarantineForInternationalTravellers,3/17/2020,7/27/2020
Bulgaria,QuarantineForInternationalTravellers,8/1/2020,11/30/2020
Bulgaria,QuarantineForInternationalTravellersPartial,7/28/2020,7/31/2020
Bulgaria,QuarantineForInternationalTravellersPartial,12/1/2020,NA
Bulgaria,RestaurantsCafes,3/13/2020,5/31/2020
Bulgaria,RestaurantsCafes,11/27/2020,2/28/2021
Bulgaria,RestaurantsCafesPartial,10/29/2020,11/26/2020
Bulgaria,RestaurantsCafesPartial,3/1/2021,NA
Bulgaria,StayHomeGen,2/24/2020,3/11/2020
Bulgaria,Teleworking,3/13/2020,3/29/2020
Bulgaria,TeleworkingPartial,11/14/2020,4/30/2021
Bulgaria,TeleworkingPartial,8/20/2021,NA
Croatia,AdaptationOfWorkplacePartial,11/28/2020,NA
Croatia,BanOnAllEvents,3/19/2020,5/4/2020
Croatia,ClosDaycare,3/16/2020,5/10/2020
Croatia,ClosHigh,3/16/2020,6/17/2020
Croatia,ClosPrim,3/16/2020,5/10/2020
Croatia,ClosPrimPartial,5/11/2020,6/17/2020
Croatia,ClosPubAnyPartial,3/19/2020,NA
Croatia,ClosSec,3/16/2020,6/17/2020
Croatia,ClosureOfPublicTransport,3/22/2020,4/27/2020
Croatia,EntertainmentVenues,3/19/2020,5/28/2020
Croatia,EntertainmentVenuesPartial,11/28/2020,NA
Croatia,GymsSportsCentres,3/19/2020,5/11/2020
Croatia,GymsSportsCentres,11/28/2020,2/14/2021
Croatia,GymsSportsCentresPartial,2/15/2021,NA
Croatia,IndoorOver100,5/28/2021,11/5/2021
Croatia,IndoorOver50,5/5/2020,5/27/2021
Croatia,IndoorOver50,11/6/2021,NA
Croatia,MasksMandatoryAllSpaces,10/25/2020,7/2/2021
Croatia,MasksMandatoryAllSpacesPartial,7/3/2021,NA
Croatia,MasksMandatoryClosedSpaces,4/24/2020,10/24/2020
Croatia,MassGather50,3/19/2020,5/27/2021
Croatia,MassGather50Partial,11/6/2021,NA
Croatia,MassGatherAll,3/19/2020,5/27/2021
Croatia,MassGatherAllPartial,5/28/2021,NA
Croatia,NonEssentialShopsPartial,3/19/2020,5/11/2020
Croatia,OutdoorOver100,5/28/2021,NA
Croatia,OutdoorOver50,5/5/2020,10/26/2020
Croatia,OutdoorOver50,11/28/2020,5/27/2021
Croatia,PrivateGatheringRestrictions,3/20/2020,NA
Croatia,QuarantineForInternationalTravellersPartial,5/11/2020,NA
Croatia,RestaurantsCafes,3/19/2020,5/11/2020
Croatia,RestaurantsCafes,11/28/2020,2/28/2021
Croatia,RestaurantsCafesPartial,5/12/2020,11/27/2020
Croatia,RestaurantsCafesPartial,3/1/2021,NA
Croatia,StayHomeOrder,3/23/2020,5/10/2020
Croatia,StayHomeRiskG,3/3/2020,NA
Croatia,Teleworking,3/19/2020,5/27/2020
Croatia,TeleworkingPartial,11/28/2020,NA
Cyprus,BanOnAllEvents,3/10/2020,6/24/2020
Cyprus,BanOnAllEventsPartial,11/5/2020,5/16/2021
Cyprus,ClosDaycare,3/10/2020,6/9/2020
Cyprus,ClosHigh,3/10/2020,5/11/2020
Cyprus,ClosHigh,12/14/2020,5/9/2021
Cyprus,ClosHighPartial,9/3/2021,NA
Cyprus,ClosPrim,3/10/2020,5/21/2020
Cyprus,ClosPrim,1/10/2021,2/7/2021
Cyprus,ClosPubAny,3/13/2020,5/3/2020
Cyprus,ClosPubAnyPartial,5/4/2020,6/29/2020
Cyprus,ClosPubAnyPartial,11/5/2020,NA
Cyprus,ClosSec,3/10/2020,5/10/2020
Cyprus,ClosSec,12/14/2020,2/7/2021
Cyprus,ClosSecPartial,5/11/2020,5/21/2020
Cyprus,ClosSecPartial,2/8/2021,3/31/2021
Cyprus,ClosureOfPublicTransportPartial,10/30/2021,NA
Cyprus,EntertainmentVenues,3/16/2020,5/20/2020
Cyprus,EntertainmentVenues,12/11/2020,2/7/2021
Cyprus,EntertainmentVenues,4/26/2021,5/9/2021
Cyprus,EntertainmentVenuesPartial,5/21/2020,6/29/2020
Cyprus,EntertainmentVenuesPartial,2/8/2021,4/25/2021
Cyprus,EntertainmentVenuesPartial,5/10/2021,NA
Cyprus,GymsSportsCentres,3/13/2020,5/3/2020
Cyprus,GymsSportsCentres,1/8/2021,3/31/2021
Cyprus,GymsSportsCentres,4/26/2021,5/9/2021
Cyprus,GymsSportsCentresPartial,5/4/2020,6/13/2020
Cyprus,GymsSportsCentresPartial,5/10/2021,NA
Cyprus,HotelsOtherAccommodation,3/16/2020,5/3/2020
Cyprus,HotelsOtherAccommodationPartial,5/4/2020,6/9/2020
Cyprus,HotelsOtherAccommodationPartial,5/17/2021,7/19/2021
Cyprus,IndoorOver100,7/12/2020,11/4/2020
Cyprus,IndoorOver50,6/25/2020,7/11/2020
Cyprus,MasksMandatoryAllSpaces,11/5/2020,NA
Cyprus,MasksMandatoryClosedSpaces,5/4/2020,11/4/2020
Cyprus,MassGather50,3/10/2020,7/11/2020
Cyprus,MassGather50Partial,11/5/2020,5/16/2021
Cyprus,MassGatherAll,3/10/2020,11/4/2020
Cyprus,MassGatherAllPartial,11/5/2020,5/16/2021
Cyprus,NonEssentialShops,3/16/2020,5/3/2020
Cyprus,NonEssentialShops,4/26/2021,5/9/2021
Cyprus,NonEssentialShopsPartial,5/4/2020,6/9/2020
Cyprus,NonEssentialShopsPartial,12/11/2020,2/7/2021
Cyprus,NonEssentialShopsPartial,5/10/2021,NA
Cyprus,OutdoorOver100,7/12/2020,11/4/2020
Cyprus,OutdoorOver50,6/25/2020,7/11/2020
Cyprus,PlaceOfWorship,3/16/2020,5/3/2020
Cyprus,PlaceOfWorshipPartial,5/4/2020,6/1/2020
Cyprus,PlaceOfWorshipPartial,2/8/2021,NA
Cyprus,PrivateGatheringRestrictions,3/31/2020,5/3/2020
Cyprus,PrivateGatheringRestrictions,11/5/2020,2/7/2021
Cyprus,PrivateGatheringRestrictions,4/26/2021,5/28/2021
Cyprus,PrivateGatheringRestrictionsPartial,2/8/2021,4/25/2021
Cyprus,PrivateGatheringRestrictionsPartial,5/29/2021,NA
Cyprus,QuarantineForInternationalTravellers,6/30/2020,5/9/2021
Cyprus,QuarantineForInternationalTravellersPartial,5/10/2021,NA
Cyprus,RestaurantsCafes,3/16/2020,5/20/2020
Cyprus,RestaurantsCafes,12/11/2020,3/14/2021
Cyprus,RestaurantsCafes,4/26/2021,5/9/2021
Cyprus,RestaurantsCafesPartial,5/21/2020,6/9/2020
Cyprus,RestaurantsCafesPartial,11/5/2020,12/10/2020
Cyprus,RestaurantsCafesPartial,3/15/2021,4/25/2021
Cyprus,RestaurantsCafesPartial,5/10/2021,NA
Cyprus,StayHomeOrder,3/24/2020,5/3/2020
Cyprus,StayHomeOrder,1/10/2021,5/9/2021
Cyprus,StayHomeOrderPartial,5/4/2020,5/21/2020
Cyprus,StayHomeOrderPartial,10/23/2020,1/9/2021
Cyprus,StayHomeOrderPartial,5/10/2021,6/9/2021
Cyprus,TeleworkingPartial,1/8/2021,NA
Cyprus,WorkplaceClosures,3/16/2020,4/14/2020
Cyprus,WorkplaceClosuresPartial,4/15/2020,6/29/2020
Czechia,AdaptationOfWorkplace,3/24/2020,5/11/2020
Czechia,AdaptationOfWorkplace,12/27/2020,NA
Czechia,BanOnAllEvents,10/22/2020,12/3/2020
Czechia,BanOnAllEvents,12/18/2020,5/16/2021
Czechia,ClosDaycare,3/11/2020,5/11/2020
Czechia,ClosDaycare,3/1/2021,4/11/2021
Czechia,ClosHigh,3/11/2020,5/10/2020
Czechia,ClosHigh,10/14/2020,5/23/2021
Czechia,ClosHighPartial,5/11/2020,8/31/2020
Czechia,ClosHighPartial,11/22/2021,NA
Czechia,ClosPrim,3/11/2020,5/10/2020
Czechia,ClosPrim,10/14/2020,11/17/2020
Czechia,ClosPrim,12/21/2020,4/11/2021
Czechia,ClosPrimPartial,5/11/2020,8/31/2020
Czechia,ClosPrimPartial,11/18/2020,11/29/2020
Czechia,ClosPrimPartial,4/12/2021,5/16/2021
Czechia,ClosPubAny,3/16/2020,4/23/2020
Czechia,ClosPubAny,10/14/2020,11/17/2020
Czechia,ClosPubAnyPartial,3/10/2020,3/15/2020
Czechia,ClosPubAnyPartial,4/24/2020,10/13/2020
Czechia,ClosPubAnyPartial,11/18/2020,NA
Czechia,ClosSec,3/11/2020,6/7/2020
Czechia,ClosSec,10/14/2020,12/6/2020
Czechia,ClosSec,12/21/2020,5/23/2021
Czechia,ClosSecPartial,6/8/2020,8/31/2020
Czechia,ClosSecPartial,12/7/2020,12/20/2020
Czechia,ClosSecPartial,5/24/2021,8/31/2021
Czechia,EntertainmentVenues,3/16/2020,5/10/2020
Czechia,EntertainmentVenues,10/14/2020,12/2/2020
Czechia,EntertainmentVenues,12/18/2020,4/11/2021
Czechia,EntertainmentVenuesPartial,3/13/2020,3/15/2020
Czechia,EntertainmentVenuesPartial,5/11/2020,8/31/2020
Czechia,EntertainmentVenuesPartial,10/5/2020,10/13/2020
Czechia,EntertainmentVenuesPartial,12/3/2020,12/17/2020
Czechia,EntertainmentVenuesPartial,4/12/2021,NA
Czechia,GymsSportsCentres,3/13/2020,4/26/2020
Czechia,GymsSportsCentres,10/14/2020,12/2/2020
Czechia,GymsSportsCentres,12/18/2020,5/16/2021
Czechia,GymsSportsCentresPartial,4/27/2020,10/13/2020
Czechia,GymsSportsCentresPartial,12/3/2020,12/17/2020
Czechia,GymsSportsCentresPartial,5/17/2021,9/30/2021
Czechia,HotelsOtherAccommodation,3/16/2020,5/25/2020
Czechia,HotelsOtherAccommodation,10/22/2020,12/3/2020
Czechia,HotelsOtherAccommodation,12/18/2020,5/23/2021
Czechia,HotelsOtherAccommodationPartial,5/24/2021,6/8/2021
Czechia,IndoorOver100,3/4/2020,3/12/2020
Czechia,IndoorOver100,5/11/2020,5/25/2020
Czechia,IndoorOver1000,6/22/2020,8/31/2020
Czechia,IndoorOver1000,6/26/2021,NA
Czechia,IndoorOver50,5/24/2021,6/7/2021
Czechia,IndoorOver500,5/26/2020,6/21/2020
Czechia,IndoorOver500,9/1/2020,10/5/2020
Czechia,IndoorOver500,6/8/2021,6/25/2021
Czechia,MasksMandatoryAllSpaces,3/19/2020,7/24/2020
Czechia,MasksMandatoryAllSpaces,9/1/2020,NA
Czechia,MasksMandatoryAllSpacesPartial,7/25/2020,8/31/2020
Czechia,MassGather50,10/22/2020,6/7/2021
Czechia,MassGatherAll,3/4/2020,3/12/2020
Czechia,MassGatherAll,5/11/2020,10/5/2020
Czechia,MassGatherAll,10/22/2020,NA
Czechia,NonEssentialShops,3/14/2020,5/11/2020
Czechia,NonEssentialShops,10/22/2020,12/2/2020
Czechia,NonEssentialShops,12/27/2020,5/10/2021
Czechia,NonEssentialShopsPartial,12/3/2020,12/26/2020
Czechia,OutdoorOver100,5/11/2020,5/25/2020
Czechia,OutdoorOver100,5/24/2021,6/7/2021
Czechia,OutdoorOver1000,6/22/2020,10/5/2020
Czechia,OutdoorOver1000,6/26/2021,NA
Czechia,OutdoorOver50,12/4/2020,12/17/2020
Czechia,OutdoorOver50,5/17/2021,5/23/2021
Czechia,OutdoorOver500,5/26/2020,6/21/2020
Czechia,OutdoorOver500,6/8/2021,6/25/2021
Czechia,PlaceOfWorship,3/16/2020,4/23/2020
Czechia,PlaceOfWorship,10/14/2020,11/17/2020
Czechia,PlaceOfWorshipPartial,3/10/2020,3/15/2020
Czechia,PlaceOfWorshipPartial,4/24/2020,10/13/2020
Czechia,PlaceOfWorshipPartial,11/18/2020,NA
Czechia,PrivateGatheringRestrictions,3/12/2020,5/11/2020
Czechia,PrivateGatheringRestrictions,10/5/2020,12/2/2020
Czechia,PrivateGatheringRestrictions,12/27/2020,5/9/2021
Czechia,PrivateGatheringRestrictionsPartial,12/3/2020,12/26/2020
Czechia,PrivateGatheringRestrictionsPartial,5/10/2021,NA
Czechia,QuarantineForInternationalTravellers,3/13/2020,6/30/2020
Czechia,QuarantineForInternationalTravellers,7/1/2021,NA
Czechia,RestaurantsCafes,3/14/2020,5/10/2020
Czechia,RestaurantsCafes,10/14/2020,12/2/2020
Czechia,RestaurantsCafes,12/18/2020,5/16/2021
Czechia,RestaurantsCafesPartial,5/11/2020,6/8/2020
Czechia,RestaurantsCafesPartial,12/3/2020,12/17/2020
Czechia,RestaurantsCafesPartial,5/17/2021,NA
Czechia,StayHomeOrder,3/16/2020,4/24/2020
Czechia,StayHomeOrder,10/22/2020,11/3/2020
Czechia,StayHomeOrderPartial,11/4/2020,12/3/2020
Czechia,StayHomeOrderPartial,12/18/2020,4/11/2021
Czechia,Teleworking,10/22/2020,NA
Denmark,AdaptationOfWorkplace,5/8/2020,5/19/2020
Denmark,AdaptationOfWorkplacePartial,5/20/2020,NA
Denmark,BanOnAllEvents,10/26/2020,4/5/2021
Denmark,ClosDaycare,3/16/2020,4/15/2020
Denmark,ClosHigh,3/16/2020,7/31/2020
Denmark,ClosHigh,12/16/2020,2/28/2021
Denmark,ClosHighPartial,4/6/2021,6/13/2021
Denmark,ClosPrim,3/16/2020,4/15/2020
Denmark,ClosPrim,12/21/2020,1/3/2021
Denmark,ClosPrim,1/5/2021,2/7/2021
Denmark,ClosPubAny,4/28/2020,5/17/2020
Denmark,ClosPubAny,12/16/2020,4/12/2021
Denmark,ClosPubAnyPartial,3/11/2020,4/27/2020
Denmark,ClosPubAnyPartial,5/18/2020,12/15/2020
Denmark,ClosPubAnyPartial,4/13/2021,9/9/2021
Denmark,ClosSec,3/16/2020,5/18/2020
Denmark,ClosSec,12/16/2020,2/28/2021
Denmark,ClosSecPartial,4/6/2021,5/20/2021
Denmark,EntertainmentVenues,3/18/2020,6/8/2020
Denmark,EntertainmentVenues,12/16/2020,5/20/2021
Denmark,EntertainmentVenuesPartial,5/21/2021,9/9/2021
Denmark,GymsSportsCentres,3/18/2020,6/8/2020
Denmark,GymsSportsCentres,12/16/2020,4/20/2021
Denmark,GymsSportsCentresPartial,4/21/2021,8/31/2021
Denmark,IndoorOver100,6/11/2021,6/30/2021
Denmark,IndoorOver50,3/18/2020,6/14/2020
Denmark,IndoorOver50,5/21/2021,6/10/2021
Denmark,IndoorOver500,6/15/2020,10/25/2020
Denmark,IndoorOver500,7/1/2021,7/31/2021
Denmark,MasksMandatoryClosedSpaces,8/22/2020,6/13/2021
Denmark,MasksMandatoryClosedSpacesPartial,6/14/2021,NA
Denmark,MasksVoluntaryAllSpacesPartial,7/9/2020,NA
Denmark,MassGather50,3/18/2020,6/14/2020
Denmark,MassGather50,10/26/2020,4/5/2021
Denmark,MassGather50,5/6/2021,6/10/2021
Denmark,MassGatherAll,3/18/2020,6/14/2020
Denmark,MassGatherAll,6/11/2021,7/31/2021
Denmark,MassGatherAllPartial,6/15/2020,6/10/2021
Denmark,NonEssentialShops,4/28/2020,5/10/2020
Denmark,NonEssentialShops,12/16/2020,2/28/2021
Denmark,NonEssentialShops,4/6/2021,4/12/2021
Denmark,NonEssentialShopsPartial,3/11/2020,4/27/2020
Denmark,NonEssentialShopsPartial,4/13/2021,4/20/2021
Denmark,OutdoorOver100,9/5/2020,10/25/2020
Denmark,OutdoorOver100,4/6/2021,5/5/2021
Denmark,OutdoorOver100,5/21/2021,6/10/2021
Denmark,OutdoorOver50,3/18/2020,4/20/2020
Denmark,OutdoorOver50,5/6/2021,5/20/2021
Denmark,OutdoorOver500,4/21/2020,9/4/2020
Denmark,PlaceOfWorship,3/18/2020,5/18/2020
Denmark,PrivateGatheringRestrictions,3/18/2020,6/14/2020
Denmark,PrivateGatheringRestrictions,10/26/2020,7/5/2021
Denmark,QuarantineForInternationalTravellers,3/18/2020,3/30/2020
Denmark,RestaurantsCafes,3/18/2020,5/17/2020
Denmark,RestaurantsCafes,12/16/2020,4/20/2021
Denmark,RestaurantsCafesPartial,5/18/2020,12/15/2020
Denmark,RestaurantsCafesPartial,4/21/2021,8/31/2021
Denmark,StayHomeRiskG,3/14/2020,NA
Denmark,Teleworking,3/13/2020,6/14/2020
Denmark,Teleworking,12/16/2020,5/20/2021
Denmark,TeleworkingPartial,6/15/2020,12/15/2020
Denmark,TeleworkingPartial,5/21/2021,7/31/2021
Denmark,WorkplaceClosures,3/13/2020,5/10/2020
Estonia,AdaptationOfWorkplacePartial,3/16/2020,NA
Estonia,BanOnAllEventsPartial,3/3/2021,5/2/2021
Estonia,ClosDaycarePartial,3/11/2021,5/2/2021
Estonia,ClosHigh,3/16/2020,5/17/2020
Estonia,ClosHigh,12/14/2020,12/31/2020
Estonia,ClosHigh,3/1/2021,5/16/2021
Estonia,ClosPrim,3/16/2020,5/17/2020
Estonia,ClosPrim,12/14/2020,12/31/2020
Estonia,ClosPrim,3/11/2021,5/2/2021
Estonia,ClosPubAny,3/12/2020,5/16/2020
Estonia,ClosPubAnyPartial,5/17/2020,7/1/2020
Estonia,ClosPubAnyPartial,8/19/2020,6/22/2021
Estonia,ClosPubAnyPartial,8/9/2021,NA
Estonia,ClosSec,3/16/2020,5/17/2020
Estonia,ClosSec,12/14/2020,1/10/2021
Estonia,ClosSec,3/1/2021,5/2/2021
Estonia,ClosSecPartial,5/3/2021,5/16/2021
Estonia,EntertainmentVenues,3/12/2020,5/16/2020
Estonia,EntertainmentVenues,3/3/2021,5/2/2021
Estonia,EntertainmentVenuesPartial,5/17/2020,7/1/2020
Estonia,EntertainmentVenuesPartial,11/16/2020,3/2/2021
Estonia,EntertainmentVenuesPartial,5/3/2021,6/22/2021
Estonia,EntertainmentVenuesPartial,8/9/2021,NA
Estonia,GymsSportsCentres,3/16/2020,5/17/2020
Estonia,GymsSportsCentres,3/11/2021,5/2/2021
Estonia,GymsSportsCentresPartial,8/19/2020,3/10/2021
Estonia,GymsSportsCentresPartial,5/3/2021,6/22/2021
Estonia,IndoorOver100,6/1/2020,7/14/2020
Estonia,IndoorOver100,11/28/2020,3/2/2021
Estonia,IndoorOver100,5/3/2021,5/23/2021
Estonia,IndoorOver1000,7/15/2020,11/27/2020
Estonia,IndoorOver1000,6/28/2021,8/8/2021
Estonia,IndoorOver50,5/18/2020,5/31/2020
Estonia,IndoorOver50,8/9/2021,NA
Estonia,IndoorOver500,5/24/2021,6/27/2021
Estonia,MasksMandatoryClosedSpaces,11/24/2020,6/1/2021
Estonia,MasksMandatoryClosedSpaces,8/26/2021,NA
Estonia,MasksVoluntaryAllSpaces,3/12/2020,5/16/2020
Estonia,MasksVoluntaryAllSpacesPartial,5/17/2020,7/31/2020
Estonia,MasksVoluntaryClosedSpacesPartial,10/12/2020,11/23/2020
Estonia,MassGather50,5/18/2020,5/31/2020
Estonia,MassGather50Partial,3/3/2021,5/2/2021
Estonia,MassGather50Partial,8/9/2021,NA
Estonia,MassGatherAll,5/18/2020,5/31/2020
Estonia,MassGatherAll,7/15/2020,3/2/2021
Estonia,MassGatherAllPartial,6/1/2020,7/14/2020
Estonia,MassGatherAllPartial,3/3/2021,NA
Estonia,NonEssentialShops,3/27/2020,5/17/2020
Estonia,NonEssentialShops,3/11/2021,5/2/2021
Estonia,NonEssentialShopsPartial,3/6/2021,3/10/2021
Estonia,NonEssentialShopsPartial,5/3/2021,6/22/2021
Estonia,OutdoorOver100,5/18/2020,6/30/2020
Estonia,OutdoorOver100,2/22/2021,3/2/2021
Estonia,OutdoorOver100,8/9/2021,NA
Estonia,OutdoorOver1000,7/1/2020,11/23/2020
Estonia,OutdoorOver1000,6/11/2021,6/27/2021
Estonia,OutdoorOver1000,8/2/2021,8/8/2021
Estonia,OutdoorOver500,11/24/2020,2/21/2021
Estonia,OutdoorOver500,5/3/2021,6/10/2021
Estonia,PlaceOfWorship,3/12/2020,5/10/2020
Estonia,PlaceOfWorshipPartial,12/24/2020,6/22/2021
Estonia,PlaceOfWorshipPartial,8/9/2021,NA
Estonia,PrivateGatheringRestrictions,3/12/2020,5/17/2020
Estonia,PrivateGatheringRestrictions,11/16/2020,1/10/2021
Estonia,PrivateGatheringRestrictions,2/1/2021,4/25/2021
Estonia,PrivateGatheringRestrictionsPartial,1/11/2021,1/31/2021
Estonia,PrivateGatheringRestrictionsPartial,4/26/2021,6/22/2021
Estonia,QuarantineForInternationalTravellers,1/28/2020,5/31/2020
Estonia,QuarantineForInternationalTravellers,7/31/2020,1/31/2021
Estonia,QuarantineForInternationalTravellersPartial,6/1/2020,7/30/2020
Estonia,QuarantineForInternationalTravellersPartial,2/1/2021,NA
Estonia,RestaurantsCafes,3/11/2021,5/2/2021
Estonia,RestaurantsCafesPartial,11/16/2020,3/2/2021
Estonia,RestaurantsCafesPartial,3/6/2021,3/10/2021
Estonia,RestaurantsCafesPartial,5/3/2021,6/22/2021
Estonia,StayHomeGen,3/12/2020,5/17/2020
Estonia,TeleworkingPartial,3/16/2020,NA
Finland,ClosHigh,3/18/2020,8/3/2020
Finland,ClosHighPartial,8/4/2020,7/31/2021
Finland,ClosPrim,3/18/2020,5/14/2020
Finland,ClosPubAny,3/18/2020,5/31/2020
Finland,ClosPubAnyPartial,6/1/2020,NA
Finland,ClosSec,3/18/2020,8/3/2020
Finland,ClosSecPartial,8/4/2020,7/31/2021
Finland,EntertainmentVenues,3/18/2020,5/31/2020
Finland,EntertainmentVenuesPartial,6/1/2020,NA
Finland,GymsSportsCentres,3/18/2020,6/1/2020
Finland,IndoorOver50,3/18/2020,7/31/2020
Finland,IndoorOver50,10/15/2020,10/4/2021
Finland,IndoorOver500,3/12/2020,3/17/2020
Finland,IndoorOver500,8/1/2020,10/14/2020
Finland,MasksVoluntaryClosedSpaces,9/18/2020,NA
Finland,MasksVoluntaryClosedSpacesPartial,8/13/2020,9/17/2020
Finland,MassGather50,3/18/2020,6/30/2020
Finland,MassGather50Partial,7/1/2020,7/31/2020
Finland,MassGather50Partial,10/15/2020,10/4/2021
Finland,MassGatherAll,3/12/2020,6/30/2020
Finland,MassGatherAllPartial,7/1/2020,10/4/2021
Finland,OutdoorOver50,3/18/2020,7/1/2020
Finland,OutdoorOver50,10/15/2020,10/4/2021
Finland,OutdoorOver500,3/12/2020,3/17/2020
Finland,OutdoorOver500,7/2/2020,10/14/2020
Finland,QuarantineForInternationalTravellers,3/18/2020,6/14/2020
Finland,QuarantineForInternationalTravellersPartial,6/15/2020,NA
Finland,RestaurantsCafes,3/18/2020,5/31/2020
Finland,RestaurantsCafesPartial,6/1/2020,7/13/2020
Finland,RestaurantsCafesPartial,10/1/2020,4/18/2021
Finland,RestaurantsCafesPartial,7/24/2021,10/14/2021
Finland,StayHomeRiskG,3/16/2020,6/22/2020
Finland,StayHomeRiskGPartial,6/23/2020,7/1/2021
Finland,Teleworking,3/18/2020,8/1/2020
Finland,TeleworkingPartial,8/13/2020,NA
France,BanOnAllEvents,10/19/2020,6/29/2021
France,ClosDaycare,3/16/2020,6/1/2020
France,ClosDaycare,4/6/2021,4/26/2021
France,ClosDaycarePartial,6/2/2020,6/22/2020
France,ClosHigh,10/27/2020,1/24/2021
France,ClosHighPartial,3/16/2020,6/22/2020
France,ClosHighPartial,1/25/2021,9/3/2021
France,ClosPrim,4/6/2021,4/26/2021
France,ClosPrimPartial,3/16/2020,6/22/2020
France,ClosPubAny,3/16/2020,5/10/2020
France,ClosPubAnyPartial,5/11/2020,6/22/2020
France,ClosPubAnyPartial,10/28/2020,NA
France,ClosSec,3/16/2020,5/10/2020
France,ClosSec,4/6/2021,5/2/2021
France,ClosSecPartial,5/11/2020,6/22/2020
France,ClosSecPartial,5/3/2021,9/3/2021
France,EntertainmentVenues,3/16/2020,6/1/2020
France,EntertainmentVenues,10/28/2020,5/18/2021
France,EntertainmentVenuesPartial,6/2/2020,6/22/2020
France,EntertainmentVenuesPartial,5/19/2021,NA
France,GymsSportsCentres,3/16/2020,6/22/2020
France,GymsSportsCentres,10/28/2020,5/18/2021
France,GymsSportsCentresPartial,5/19/2021,NA
France,IndoorOver1000,2/29/2020,10/18/2020
France,IndoorOver1000,6/30/2021,NA
France,MasksMandatoryAllSpaces,10/28/2020,6/16/2021
France,MasksMandatoryClosedSpaces,5/18/2020,NA
France,MasksVoluntaryAllSpaces,5/11/2020,7/25/2020
France,MasksVoluntaryClosedSpaces,5/11/2020,5/17/2020
France,MassGather50,10/19/2020,6/29/2021
France,MassGather50Partial,9/18/2020,10/18/2020
France,MassGatherAll,2/29/2020,9/17/2020
France,MassGatherAll,10/19/2020,6/29/2021
France,MassGatherAllPartial,9/18/2020,10/18/2020
France,MassGatherAllPartial,6/30/2021,NA
France,NonEssentialShops,3/16/2020,5/10/2020
France,NonEssentialShops,10/29/2020,11/27/2020
France,NonEssentialShopsPartial,5/11/2020,6/2/2020
France,NonEssentialShopsPartial,11/28/2020,5/18/2021
France,OutdoorOver1000,3/13/2020,7/11/2020
France,OutdoorOver1000,6/30/2021,NA
France,OutdoorOver50,9/18/2020,10/18/2020
France,PlaceOfWorshipPartial,10/28/2020,6/30/2021
France,PrivateGatheringRestrictions,3/17/2020,6/15/2020
France,PrivateGatheringRestrictions,10/28/2020,NA
France,PrivateGatheringRestrictionsPartial,9/23/2020,10/27/2020
France,QuarantineForInternationalTravellersPartial,6/9/2021,NA
France,RegionalStayHomeOrderPartial,10/17/2020,10/28/2020
France,RegionalStayHomeOrderPartial,2/26/2021,3/19/2021
France,RegionalStayHomeOrderPartial,7/30/2021,NA
France,RestaurantsCafes,3/16/2020,6/1/2020
France,RestaurantsCafes,10/28/2020,5/18/2021
France,RestaurantsCafesPartial,6/2/2020,6/15/2020
France,RestaurantsCafesPartial,5/19/2021,NA
France,StayHomeGen,3/13/2020,3/15/2020
France,StayHomeOrder,3/17/2020,5/11/2020
France,StayHomeOrder,10/29/2020,12/14/2020
France,StayHomeOrderPartial,5/12/2020,6/2/2020
France,StayHomeOrderPartial,10/17/2020,10/28/2020
France,StayHomeOrderPartial,12/15/2020,6/20/2021
France,Teleworking,3/17/2020,5/10/2020
France,Teleworking,10/29/2020,6/8/2021
France,TeleworkingPartial,5/11/2020,10/28/2020
France,TeleworkingPartial,6/9/2021,NA
France,WorkplaceClosures,3/17/2020,5/11/2020
Germany,BanOnAllEvents,3/23/2020,5/10/2020
Germany,BanOnAllEvents,11/2/2020,3/28/2021
Germany,BanOnAllEventsPartial,5/11/2020,6/29/2020
Germany,ClosDaycare,3/13/2020,5/14/2020
Germany,ClosDaycarePartial,5/15/2020,7/1/2020
Germany,ClosDaycarePartial,12/16/2020,5/31/2021
Germany,ClosPrim,3/13/2020,5/3/2020
Germany,ClosPrimPartial,5/4/2020,6/29/2020
Germany,ClosPrimPartial,12/16/2020,8/31/2021
Germany,ClosPubAny,3/16/2020,5/4/2020
Germany,ClosPubAnyPartial,5/5/2020,NA
Germany,ClosSec,3/13/2020,5/3/2020
Germany,ClosSecPartial,5/4/2020,6/15/2020
Germany,ClosSecPartial,12/16/2020,8/31/2021
Germany,ClosureOfPublicTransportPartial,11/18/2021,NA
Germany,EntertainmentVenues,3/16/2020,5/4/2020
Germany,EntertainmentVenues,11/2/2020,3/7/2021
Germany,EntertainmentVenuesPartial,5/5/2020,11/1/2020
Germany,EntertainmentVenuesPartial,3/8/2021,NA
Germany,GymsSportsCentres,11/2/2020,3/7/2021
Germany,GymsSportsCentresPartial,3/8/2021,5/31/2021
Germany,HotelsOtherAccommodationPartial,10/7/2020,5/31/2021
Germany,IndoorOver100,6/30/2020,9/28/2020
Germany,IndoorOver1000,3/10/2020,3/22/2020
Germany,IndoorOver50,9/29/2020,11/1/2020
Germany,IndoorOver500,6/1/2021,NA
Germany,MasksMandatoryAllSpacesPartial,11/1/2020,6/21/2021
Germany,MasksMandatoryClosedSpaces,4/27/2020,6/20/2021
Germany,MasksMandatoryClosedSpaces,11/18/2021,NA
Germany,MasksMandatoryClosedSpacesPartial,6/21/2021,11/17/2021
Germany,MasksVoluntaryAllSpaces,4/2/2020,4/27/2020
Germany,MassGather50,3/23/2020,5/10/2020
Germany,MassGather50,11/2/2020,3/28/2021
Germany,MassGather50Partial,5/11/2020,6/29/2020
Germany,MassGather50Partial,9/29/2020,11/1/2020
Germany,MassGatherAll,3/10/2020,5/10/2020
Germany,MassGatherAll,11/2/2020,3/28/2021
Germany,MassGatherAllPartial,5/11/2020,11/1/2020
Germany,MassGatherAllPartial,6/1/2021,NA
Germany,NonEssentialShops,3/16/2020,4/20/2020
Germany,NonEssentialShops,12/16/2020,3/7/2021
Germany,NonEssentialShopsPartial,3/8/2021,5/31/2021
Germany,OutdoorOver100,6/30/2020,11/1/2020
Germany,OutdoorOver500,6/1/2021,NA
Germany,PlaceOfWorshipPartial,12/16/2020,5/31/2021
Germany,PrivateGatheringRestrictions,11/2/2020,5/31/2021
Germany,QuarantineForInternationalTravellers,2/14/2020,6/15/2020
Germany,QuarantineForInternationalTravellers,11/8/2020,5/11/2021
Germany,QuarantineForInternationalTravellersPartial,6/16/2020,11/7/2020
Germany,QuarantineForInternationalTravellersPartial,5/12/2021,NA
Germany,RestaurantsCafes,3/23/2020,5/4/2020
Germany,RestaurantsCafes,11/2/2020,4/22/2021
Germany,RestaurantsCafesPartial,5/5/2020,6/8/2020
Germany,RestaurantsCafesPartial,10/14/2020,11/1/2020
Germany,RestaurantsCafesPartial,4/23/2021,NA
Germany,SocialCirclePartial,8/2/2020,NA
Germany,StayHomeGen,3/9/2020,5/5/2020
Germany,StayHomeGenPartial,5/6/2020,6/29/2020
Germany,StayHomeOrderPartial,12/9/2020,5/31/2021
Germany,Teleworking,1/19/2021,6/30/2021
Germany,TeleworkingPartial,12/23/2020,1/18/2021
Germany,TeleworkingPartial,7/1/2021,NA
Greece,BanOnAllEvents,11/7/2020,1/25/2021
Greece,BanOnAllEventsPartial,7/13/2020,11/6/2020
Greece,ClosDaycare,3/11/2020,6/1/2020
Greece,ClosDaycare,11/16/2020,1/10/2021
Greece,ClosDaycare,3/20/2021,5/9/2021
Greece,ClosDaycarePartial,2/6/2021,3/19/2021
Greece,ClosDaycarePartial,5/10/2021,5/17/2021
Greece,ClosHigh,3/16/2020,5/24/2020
Greece,ClosHighPartial,5/25/2020,9/13/2021
Greece,ClosPrim,3/11/2020,6/1/2020
Greece,ClosPrim,11/16/2020,1/10/2021
Greece,ClosPrim,3/20/2021,5/9/2021
Greece,ClosPrimPartial,2/6/2021,3/19/2021
Greece,ClosPubAnyPartial,3/14/2020,NA
Greece,ClosSec,3/11/2020,5/18/2020
Greece,ClosSec,11/7/2020,2/5/2021
Greece,ClosSec,3/20/2021,4/11/2021
Greece,ClosSecPartial,2/6/2021,3/19/2021
Greece,ClosSecPartial,4/12/2021,5/9/2021
Greece,EntertainmentVenues,3/14/2020,6/15/2020
Greece,EntertainmentVenues,11/7/2020,5/20/2021
Greece,EntertainmentVenuesPartial,8/9/2020,11/6/2020
Greece,EntertainmentVenuesPartial,5/21/2021,NA
Greece,GymsSportsCentres,11/7/2020,5/30/2021
Greece,GymsSportsCentresPartial,3/14/2020,6/15/2020
Greece,GymsSportsCentresPartial,11/4/2020,11/6/2020
Greece,GymsSportsCentresPartial,9/13/2021,NA
Greece,HotelsOtherAccommodation,3/15/2020,5/24/2020
Greece,HotelsOtherAccommodationPartial,5/25/2020,7/1/2020
Greece,MasksMandatoryAllSpaces,7/17/2020,6/27/2021
Greece,MasksMandatoryAllSpacesPartial,6/28/2021,NA
Greece,MasksMandatoryClosedSpaces,4/28/2020,7/6/2020
Greece,MasksVoluntaryClosedSpaces,7/7/2020,7/16/2020
Greece,MassGather50,11/7/2020,1/25/2021
Greece,MassGather50Partial,7/13/2020,11/6/2020
Greece,MassGatherAll,11/7/2020,5/20/2021
Greece,MassGatherAllPartial,7/13/2020,11/6/2020
Greece,NonEssentialShops,3/14/2020,6/1/2020
Greece,NonEssentialShops,11/7/2020,1/17/2021
Greece,NonEssentialShopsPartial,1/18/2021,5/14/2021
Greece,NonEssentialShopsPartial,11/6/2021,NA
Greece,OutdoorOver100,1/26/2021,5/20/2021
Greece,PlaceOfWorship,8/9/2020,9/15/2020
Greece,PlaceOfWorshipPartial,3/14/2020,8/8/2020
Greece,PlaceOfWorshipPartial,11/7/2020,NA
Greece,PrivateGatheringRestrictions,3/19/2020,5/3/2020
Greece,PrivateGatheringRestrictions,11/7/2020,5/13/2021
Greece,QuarantineForInternationalTravellers,3/19/2020,6/30/2020
Greece,QuarantineForInternationalTravellers,12/18/2020,4/18/2021
Greece,QuarantineForInternationalTravellersPartial,4/19/2021,NA
Greece,RegionalStayHomeOrder,11/3/2020,11/6/2020
Greece,RegionalStayHomeOrder,1/11/2021,2/5/2021
Greece,RegionalStayHomeOrderPartial,2/6/2021,4/19/2021
Greece,RegionalStayHomeOrderPartial,8/27/2021,9/16/2021
Greece,RestaurantsCafes,11/7/2020,5/2/2021
Greece,RestaurantsCafesPartial,3/14/2020,11/6/2020
Greece,RestaurantsCafesPartial,5/3/2021,NA
Greece,SocialCircle,1/1/2021,1/2/2021
Greece,StayHomeGen,2/27/2020,3/22/2020
Greece,StayHomeOrder,3/23/2020,5/4/2020
Greece,StayHomeOrderPartial,11/7/2020,7/3/2021
Greece,StayHomeRiskG,3/11/2020,NA
Greece,Teleworking,3/19/2020,11/2/2020
Greece,TeleworkingPartial,11/3/2020,NA
Hungary,BanOnAllEventsPartial,3/16/2020,6/11/2020
Hungary,BanOnAllEventsPartial,11/11/2020,4/30/2021
Hungary,ClosDaycare,3/25/2020,6/2/2020
Hungary,ClosDaycare,3/9/2021,4/18/2021
Hungary,ClosHigh,3/25/2020,5/18/2020
Hungary,ClosHigh,11/11/2020,7/7/2021
Hungary,ClosPrim,3/16/2020,6/1/2020
Hungary,ClosPrim,3/8/2021,4/18/2021
Hungary,ClosPrimPartial,6/2/2020,6/26/2020
Hungary,ClosPrimPartial,4/19/2021,5/9/2021
Hungary,ClosPubAny,3/13/2020,3/27/2020
Hungary,ClosPubAny,3/8/2021,4/6/2021
Hungary,ClosPubAnyPartial,3/28/2020,5/18/2020
Hungary,ClosPubAnyPartial,9/21/2020,3/7/2021
Hungary,ClosPubAnyPartial,4/7/2021,NA
Hungary,ClosSec,3/16/2020,6/1/2020
Hungary,ClosSec,11/11/2020,5/9/2021
Hungary,ClosSecPartial,6/2/2020,6/26/2020
Hungary,EntertainmentVenues,3/13/2020,5/18/2020
Hungary,EntertainmentVenues,11/4/2020,7/6/2021
Hungary,GymsSportsCentres,11/11/2020,5/21/2021
Hungary,IndoorOver100,3/11/2020,3/15/2020
Hungary,IndoorOver50,5/1/2021,NA
Hungary,IndoorOver500,9/21/2020,11/10/2020
Hungary,MasksMandatoryAllSpaces,11/11/2020,5/21/2021
Hungary,MasksMandatoryClosedSpaces,11/2/2020,11/11/2020
Hungary,MasksMandatoryClosedSpaces,5/22/2021,7/6/2021
Hungary,MasksMandatoryClosedSpacesPartial,5/4/2020,11/1/2020
Hungary,MasksMandatoryClosedSpacesPartial,7/7/2021,NA
Hungary,MassGather50Partial,3/16/2020,6/11/2020
Hungary,MassGather50Partial,11/11/2020,NA
Hungary,MassGatherAll,3/11/2020,3/15/2020
Hungary,MassGatherAllPartial,3/16/2020,6/11/2020
Hungary,MassGatherAllPartial,9/21/2020,NA
Hungary,NonEssentialShops,3/8/2021,4/6/2021
Hungary,NonEssentialShopsPartial,3/28/2020,5/18/2020
Hungary,NonEssentialShopsPartial,11/11/2020,3/7/2021
Hungary,NonEssentialShopsPartial,4/7/2021,5/21/2021
Hungary,OutdoorOver500,3/11/2020,3/15/2020
Hungary,OutdoorOver500,9/21/2020,11/10/2020
Hungary,OutdoorOver500,5/1/2021,NA
Hungary,PrivateGatheringRestrictions,11/11/2020,5/21/2021
Hungary,PrivateGatheringRestrictionsPartial,5/22/2021,NA
Hungary,QuarantineForInternationalTravellers,9/1/2020,NA
Hungary,RestaurantsCafes,3/28/2020,5/18/2020
Hungary,RestaurantsCafes,11/11/2020,4/23/2021
Hungary,RestaurantsCafesPartial,9/21/2020,11/10/2020
Hungary,RestaurantsCafesPartial,4/24/2021,NA
Hungary,StayHomeGen,3/16/2020,3/26/2020
Hungary,StayHomeGen,6/16/2020,11/3/2020
Hungary,StayHomeOrder,3/27/2020,5/18/2020
Hungary,StayHomeOrderPartial,11/4/2020,5/21/2021
Hungary,TeleworkingPartial,3/8/2021,3/22/2021
Iceland,AdaptationOfWorkplace,3/16/2020,3/17/2020
Iceland,ClosHigh,3/16/2020,5/4/2020
Iceland,ClosHigh,3/25/2021,4/1/2021
Iceland,ClosPrim,3/25/2021,4/1/2021
Iceland,ClosPubAny,3/16/2020,5/3/2020
Iceland,ClosPubAnyPartial,5/4/2020,6/15/2020
Iceland,ClosPubAnyPartial,8/31/2020,6/25/2021
Iceland,ClosPubAnyPartial,7/25/2021,NA
Iceland,ClosSec,3/16/2020,5/4/2020
Iceland,ClosSec,3/25/2021,4/1/2021
Iceland,EntertainmentVenues,3/16/2020,5/3/2020
Iceland,EntertainmentVenues,11/1/2020,12/9/2020
Iceland,EntertainmentVenues,3/24/2021,4/14/2021
Iceland,EntertainmentVenuesPartial,5/4/2020,5/25/2020
Iceland,EntertainmentVenuesPartial,8/31/2020,10/31/2020
Iceland,EntertainmentVenuesPartial,12/10/2020,3/23/2021
Iceland,EntertainmentVenuesPartial,4/15/2021,5/24/2021
Iceland,EntertainmentVenuesPartial,7/25/2021,NA
Iceland,GymsSportsCentres,3/16/2020,5/17/2020
Iceland,GymsSportsCentres,3/24/2021,4/14/2021
Iceland,GymsSportsCentresPartial,5/18/2020,6/15/2020
Iceland,GymsSportsCentresPartial,10/20/2020,3/23/2021
Iceland,GymsSportsCentresPartial,4/15/2021,5/24/2021
Iceland,GymsSportsCentresPartial,7/25/2021,9/14/2021
Iceland,GymsSportsCentresPartial,11/13/2021,NA
Iceland,IndoorOver100,3/16/2020,3/23/2020
Iceland,IndoorOver100,7/31/2020,9/9/2020
Iceland,IndoorOver1000,9/15/2021,11/12/2021
Iceland,IndoorOver50,3/24/2020,5/25/2020
Iceland,IndoorOver50,2/24/2021,3/23/2021
Iceland,IndoorOver50,5/10/2021,5/24/2021
Iceland,IndoorOver50,11/13/2021,NA
Iceland,IndoorOver500,5/26/2020,7/30/2020
Iceland,IndoorOver500,9/10/2020,10/3/2020
Iceland,IndoorOver500,5/25/2021,6/25/2021
Iceland,IndoorOver500,7/25/2021,9/14/2021
Iceland,MasksMandatoryAllSpacesPartial,10/5/2020,5/24/2021
Iceland,MasksMandatoryClosedSpacesPartial,5/25/2021,NA
Iceland,MasksVoluntaryAllSpacesPartial,7/31/2020,10/5/2020
Iceland,MassGather50,3/24/2020,5/25/2020
Iceland,MassGather50,10/4/2020,3/23/2021
Iceland,MassGather50,5/10/2021,5/24/2021
Iceland,MassGather50,11/13/2021,NA
Iceland,MassGatherAll,3/16/2020,5/24/2020
Iceland,MassGatherAll,10/4/2020,3/23/2021
Iceland,MassGatherAll,5/10/2021,6/25/2021
Iceland,MassGatherAll,7/25/2021,NA
Iceland,MassGatherAllPartial,5/25/2020,10/3/2020
Iceland,NonEssentialShopsPartial,10/5/2020,5/24/2021
Iceland,OutdoorOver100,3/16/2020,3/23/2020
Iceland,OutdoorOver100,7/31/2020,9/7/2020
Iceland,OutdoorOver1000,9/15/2021,11/12/2021
Iceland,OutdoorOver50,3/24/2020,5/25/2020
Iceland,OutdoorOver50,10/4/2020,2/23/2021
Iceland,OutdoorOver50,5/10/2021,5/24/2021
Iceland,OutdoorOver50,11/13/2021,NA
Iceland,OutdoorOver500,5/26/2020,7/30/2020
Iceland,OutdoorOver500,9/8/2020,10/3/2020
Iceland,OutdoorOver500,2/24/2021,3/23/2021
Iceland,OutdoorOver500,5/25/2021,6/25/2021
Iceland,OutdoorOver500,7/25/2021,9/14/2021
Iceland,PlaceOfWorship,7/25/2021,8/13/2021
Iceland,PlaceOfWorshipPartial,2/5/2021,6/15/2021
Iceland,PrivateGatheringRestrictions,10/4/2020,2/23/2021
Iceland,PrivateGatheringRestrictions,3/24/2021,5/9/2021
Iceland,QuarantineForInternationalTravellers,1/28/2020,1/24/2021
Iceland,QuarantineForInternationalTravellersPartial,1/25/2021,NA
Iceland,RestaurantsCafes,3/16/2020,5/25/2020
Iceland,RestaurantsCafesPartial,10/31/2020,6/25/2021
Iceland,RestaurantsCafesPartial,7/25/2021,NA
Iceland,StayHomeRiskG,3/16/2020,3/17/2020
Ireland,BanOnAllEvents,3/24/2020,6/28/2020
Ireland,BanOnAllEvents,10/21/2020,11/30/2020
Ireland,BanOnAllEvents,12/31/2020,5/9/2021
Ireland,BanOnAllEventsPartial,3/6/2020,3/8/2020
Ireland,BanOnAllEventsPartial,5/10/2021,6/6/2021
Ireland,ClosDaycare,3/12/2020,6/29/2020
Ireland,ClosDaycarePartial,1/11/2021,3/29/2021
Ireland,ClosHigh,3/12/2020,9/20/2020
Ireland,ClosHighPartial,9/21/2020,NA
Ireland,ClosPrim,3/12/2020,8/24/2020
Ireland,ClosPrim,1/11/2021,2/28/2021
Ireland,ClosPrimPartial,3/1/2021,3/14/2021
Ireland,ClosPubAny,3/12/2020,3/26/2020
Ireland,ClosPubAnyPartial,3/27/2020,NA
Ireland,ClosSec,3/12/2020,8/31/2020
Ireland,ClosSec,1/11/2021,2/28/2021
Ireland,ClosSecPartial,3/1/2021,4/11/2021
Ireland,ClosureOfPublicTransportPartial,3/27/2020,NA
Ireland,EntertainmentVenues,3/12/2020,6/29/2020
Ireland,EntertainmentVenues,10/6/2020,11/30/2020
Ireland,EntertainmentVenues,12/25/2020,4/25/2021
Ireland,EntertainmentVenuesPartial,12/1/2020,12/24/2020
Ireland,EntertainmentVenuesPartial,4/26/2021,10/21/2021
Ireland,EntertainmentVenuesPartial,11/18/2021,NA
Ireland,GymsSportsCentres,3/24/2020,6/29/2020
Ireland,GymsSportsCentres,10/21/2020,11/30/2020
Ireland,GymsSportsCentres,12/31/2020,6/6/2021
Ireland,GymsSportsCentresPartial,10/6/2020,10/20/2020
Ireland,GymsSportsCentresPartial,12/1/2020,12/30/2020
Ireland,GymsSportsCentresPartial,6/7/2021,NA
Ireland,HotelsOtherAccommodation,3/24/2020,6/29/2020
Ireland,HotelsOtherAccommodation,10/21/2020,12/1/2020
Ireland,HotelsOtherAccommodation,12/24/2020,6/1/2021
Ireland,HotelsOtherAccommodationPartial,6/2/2021,10/28/2021
Ireland,IndoorOver100,3/12/2020,3/23/2020
Ireland,IndoorOver50,6/29/2020,10/20/2020
Ireland,MasksMandatoryClosedSpaces,6/29/2020,NA
Ireland,MasksVoluntaryAllSpaces,5/18/2020,NA
Ireland,MassGather50,3/24/2020,11/30/2020
Ireland,MassGather50,12/31/2020,5/9/2021
Ireland,MassGather50Partial,3/6/2020,3/8/2020
Ireland,MassGather50Partial,5/10/2021,6/6/2021
Ireland,MassGatherAll,3/12/2020,11/30/2020
Ireland,MassGatherAll,12/31/2020,5/9/2021
Ireland,MassGatherAll,6/7/2021,10/28/2021
Ireland,MassGatherAllPartial,3/6/2020,3/8/2020
Ireland,MassGatherAllPartial,5/10/2021,6/6/2021
Ireland,NonEssentialShops,3/24/2020,6/29/2020
Ireland,NonEssentialShops,10/21/2020,11/30/2020
Ireland,NonEssentialShops,1/1/2021,5/9/2021
Ireland,NonEssentialShopsPartial,5/10/2021,5/16/2021
Ireland,OutdoorOver100,6/7/2021,7/4/2021
Ireland,OutdoorOver50,8/24/2020,10/20/2020
Ireland,OutdoorOver500,3/12/2020,3/23/2020
Ireland,OutdoorOver500,6/29/2020,8/23/2020
Ireland,OutdoorOver500,7/5/2021,10/28/2021
Ireland,PlaceOfWorship,10/6/2020,11/30/2020
Ireland,PlaceOfWorship,12/31/2020,5/9/2021
Ireland,PlaceOfWorshipPartial,12/1/2020,12/30/2020
Ireland,PlaceOfWorshipPartial,5/10/2021,10/27/2021
Ireland,PrivateGatheringRestrictions,3/24/2020,6/28/2020
Ireland,PrivateGatheringRestrictions,10/21/2020,11/30/2020
Ireland,PrivateGatheringRestrictions,12/31/2020,5/9/2021
Ireland,PrivateGatheringRestrictionsPartial,12/1/2020,12/30/2020
Ireland,PrivateGatheringRestrictionsPartial,5/10/2021,NA
Ireland,QuarantineForInternationalTravellers,1/27/2020,3/13/2020
Ireland,QuarantineForInternationalTravellersPartial,3/14/2020,NA
Ireland,RestaurantsCafes,3/24/2020,6/29/2020
Ireland,RestaurantsCafes,10/21/2020,12/3/2020
Ireland,RestaurantsCafes,12/25/2020,6/6/2021
Ireland,RestaurantsCafesPartial,10/6/2020,10/20/2020
Ireland,RestaurantsCafesPartial,12/4/2020,12/24/2020
Ireland,RestaurantsCafesPartial,6/7/2021,NA
Ireland,SocialCircle,10/21/2020,NA
Ireland,StayHomeGen,3/12/2020,3/26/2020
Ireland,StayHomeGen,5/18/2020,6/26/2020
Ireland,StayHomeGenPartial,11/19/2021,NA
Ireland,StayHomeOrder,3/27/2020,5/17/2020
Ireland,StayHomeOrder,10/21/2020,11/30/2020
Ireland,StayHomeOrder,12/31/2020,4/11/2021
Ireland,StayHomeRiskG,3/12/2020,NA
Ireland,Teleworking,3/12/2020,11/17/2021
Ireland,TeleworkingPartial,11/18/2021,NA
Italy,AdaptationOfWorkplace,3/10/2020,6/10/2020
Italy,AdaptationOfWorkplacePartial,6/11/2020,10/15/2020
Italy,BanOnAllEvents,3/9/2020,6/11/2020
Italy,BanOnAllEvents,11/6/2020,4/25/2021
Italy,BanOnAllEventsPartial,3/4/2020,3/8/2020
Italy,ClosDaycare,3/10/2020,6/10/2020
Italy,ClosDaycarePartial,3/4/2020,3/9/2020
Italy,ClosDaycarePartial,6/11/2020,9/14/2020
Italy,ClosHigh,3/10/2020,6/10/2020
Italy,ClosHigh,12/4/2020,1/15/2021
Italy,ClosHighPartial,3/4/2020,3/9/2020
Italy,ClosHighPartial,6/11/2020,9/14/2020
Italy,ClosHighPartial,11/5/2020,12/3/2020
Italy,ClosPrim,3/11/2020,9/14/2020
Italy,ClosPrimPartial,3/4/2020,3/10/2020
Italy,ClosPubAny,12/24/2020,1/6/2021
Italy,ClosPubAny,4/7/2021,4/25/2021
Italy,ClosPubAnyPartial,3/10/2020,12/23/2020
Italy,ClosPubAnyPartial,1/7/2021,4/6/2021
Italy,ClosPubAnyPartial,4/26/2021,6/21/2021
Italy,ClosPubAnyPartial,8/6/2021,NA
Italy,ClosSec,3/4/2020,6/16/2020
Italy,ClosSec,7/5/2020,9/14/2020
Italy,ClosSec,11/5/2020,1/6/2021
Italy,ClosSecPartial,6/17/2020,7/4/2020
Italy,ClosSecPartial,1/15/2021,3/5/2021
Italy,ClosSecPartial,4/27/2021,6/8/2021
Italy,ClosureOfPublicTransportPartial,11/5/2020,12/3/2020
Italy,ClosureOfPublicTransportPartial,1/15/2021,4/6/2021
Italy,EntertainmentVenues,3/10/2020,5/17/2020
Italy,EntertainmentVenues,10/26/2020,3/26/2021
Italy,EntertainmentVenuesPartial,5/18/2020,6/15/2020
Italy,EntertainmentVenuesPartial,8/6/2021,NA
Italy,GymsSportsCentres,3/10/2020,5/24/2020
Italy,GymsSportsCentres,10/26/2020,5/14/2021
Italy,GymsSportsCentresPartial,5/25/2020,10/25/2020
Italy,GymsSportsCentresPartial,5/15/2021,5/29/2021
Italy,GymsSportsCentresPartial,8/6/2021,NA
Italy,IndoorOver500,8/7/2020,11/5/2020
Italy,IndoorOver500,4/26/2021,NA
Italy,MasksMandatoryAllSpaces,4/26/2020,7/14/2020
Italy,MasksMandatoryAllSpaces,10/8/2020,6/27/2021
Italy,MasksMandatoryAllSpacesPartial,8/16/2020,10/7/2020
Italy,MasksMandatoryClosedSpaces,7/15/2020,8/15/2020
Italy,MasksMandatoryClosedSpaces,6/28/2021,NA
Italy,MassGather50,3/9/2020,6/11/2020
Italy,MassGather50,11/6/2020,4/25/2021
Italy,MassGather50Partial,3/4/2020,3/8/2020
Italy,MassGatherAll,3/9/2020,6/11/2020
Italy,MassGatherAll,11/6/2020,NA
Italy,MassGatherAllPartial,3/4/2020,3/8/2020
Italy,MassGatherAllPartial,6/12/2020,11/5/2020
Italy,NonEssentialShops,3/10/2020,4/13/2020
Italy,NonEssentialShops,12/24/2020,1/6/2021
Italy,NonEssentialShopsPartial,4/14/2020,5/18/2020
Italy,OutdoorOver1000,6/12/2020,11/5/2020
Italy,OutdoorOver1000,4/26/2021,NA
Italy,PlaceOfWorship,3/10/2020,6/15/2020
Italy,PrivateGatheringRestrictionsPartial,2/22/2021,NA
Italy,QuarantineForInternationalTravellers,3/4/2020,3/10/2020
Italy,QuarantineForInternationalTravellers,6/12/2020,4/30/2021
Italy,RegionalStayHomeOrderPartial,10/22/2020,6/21/2021
Italy,RestaurantsCafes,12/24/2020,1/6/2021
Italy,RestaurantsCafesPartial,3/10/2020,5/18/2020
Italy,RestaurantsCafesPartial,10/18/2020,12/23/2020
Italy,RestaurantsCafesPartial,1/7/2021,4/1/2021
Italy,RestaurantsCafesPartial,4/26/2021,6/21/2021
Italy,RestaurantsCafesPartial,8/6/2021,NA
Italy,StayHomeGen,10/26/2020,11/4/2020
Italy,StayHomeOrder,3/10/2020,5/4/2020
Italy,StayHomeOrderPartial,11/5/2020,6/21/2021
Italy,StayHomeRiskG,3/4/2020,5/6/2021
Italy,Teleworking,3/12/2020,6/10/2020
Italy,Teleworking,10/16/2020,NA
Latvia,BanOnAllEvents,10/21/2021,NA
Latvia,BanOnAllEventsPartial,11/9/2020,6/22/2021
Latvia,ClosDaycarePartial,3/16/2021,NA
Latvia,ClosHigh,3/17/2020,8/31/2020
Latvia,ClosHigh,10/21/2021,11/14/2021
Latvia,ClosHighPartial,10/26/2020,8/17/2021
Latvia,ClosPrim,3/17/2020,8/31/2020
Latvia,ClosPrim,10/21/2021,10/29/2021
Latvia,ClosPrimPartial,11/2/2020,8/10/2021
Latvia,ClosPrimPartial,11/1/2021,11/14/2021
Latvia,ClosPubAny,3/17/2020,5/11/2020
Latvia,ClosPubAnyPartial,5/12/2020,6/10/2020
Latvia,ClosPubAnyPartial,7/11/2020,NA
Latvia,ClosSec,10/26/2020,4/6/2021
Latvia,ClosSec,10/21/2021,11/14/2021
Latvia,ClosSecPartial,3/17/2020,5/7/2020
Latvia,ClosSecPartial,4/7/2021,8/10/2021
Latvia,ClosureOfPublicTransportPartial,12/7/2020,NA
Latvia,EntertainmentVenues,3/17/2020,6/10/2020
Latvia,EntertainmentVenues,10/21/2021,11/14/2021
Latvia,EntertainmentVenuesPartial,11/9/2020,10/20/2021
Latvia,EntertainmentVenuesPartial,11/15/2021,NA
Latvia,GymsSportsCentres,3/17/2020,5/11/2020
Latvia,GymsSportsCentres,12/3/2020,3/7/2021
Latvia,GymsSportsCentresPartial,5/12/2020,6/10/2020
Latvia,GymsSportsCentresPartial,10/21/2021,NA
Latvia,IndoorOver100,6/10/2020,7/31/2020
Latvia,IndoorOver500,8/1/2020,11/8/2020
Latvia,IndoorOver500,6/23/2021,10/20/2021
Latvia,MasksMandatoryAllSpacesPartial,3/17/2020,6/30/2020
Latvia,MasksMandatoryClosedSpaces,10/7/2020,NA
Latvia,MasksMandatoryClosedSpacesPartial,5/12/2020,6/30/2020
Latvia,MasksVoluntaryAllSpacesPartial,4/20/2020,6/30/2020
Latvia,MassGather50,10/21/2021,NA
Latvia,MassGather50Partial,11/9/2020,6/22/2021
Latvia,MassGatherAll,8/1/2020,11/8/2020
Latvia,MassGatherAll,10/21/2021,NA
Latvia,MassGatherAllPartial,6/10/2020,7/31/2020
Latvia,MassGatherAllPartial,11/9/2020,10/20/2021
Latvia,NonEssentialShopsPartial,11/9/2020,6/2/2021
Latvia,NonEssentialShopsPartial,10/11/2021,NA
Latvia,OutdoorOver1000,7/1/2020,7/31/2020
Latvia,OutdoorOver1000,10/10/2020,10/29/2020
Latvia,OutdoorOver1000,6/23/2021,10/20/2021
Latvia,OutdoorOver500,6/10/2020,6/30/2020
Latvia,OutdoorOver500,10/30/2020,11/8/2020
Latvia,PlaceOfWorship,3/17/2020,5/11/2020
Latvia,PlaceOfWorshipPartial,5/12/2020,6/10/2020
Latvia,PlaceOfWorshipPartial,11/9/2020,4/6/2021
Latvia,PlaceOfWorshipPartial,10/21/2021,NA
Latvia,PrivateGatheringRestrictions,3/17/2020,6/10/2020
Latvia,PrivateGatheringRestrictionsPartial,10/17/2020,NA
Latvia,QuarantineForInternationalTravellers,3/12/2020,5/11/2020
Latvia,QuarantineForInternationalTravellersPartial,5/12/2020,NA
Latvia,RestaurantsCafes,11/9/2020,5/6/2021
Latvia,RestaurantsCafesPartial,7/11/2020,11/8/2020
Latvia,RestaurantsCafesPartial,5/7/2021,NA
Latvia,StayHomeOrderPartial,12/24/2020,2/7/2021
Latvia,StayHomeOrderPartial,10/21/2021,11/14/2021
Latvia,TeleworkingPartial,3/17/2020,NA
Liechtenstein,BanOnAllEvents,3/14/2020,6/5/2020
Liechtenstein,BanOnAllEvents,12/20/2020,5/23/2021
Liechtenstein,ClosDaycare,3/16/2020,5/11/2020
Liechtenstein,ClosHigh,3/16/2020,6/8/2020
Liechtenstein,ClosPrim,3/16/2020,6/8/2020
Liechtenstein,ClosPubAny,10/24/2020,11/29/2020
Liechtenstein,ClosPubAny,12/20/2020,2/28/2021
Liechtenstein,ClosPubAnyPartial,3/12/2020,6/6/2020
Liechtenstein,ClosPubAnyPartial,11/30/2020,12/19/2020
Liechtenstein,ClosPubAnyPartial,3/1/2021,NA
Liechtenstein,ClosSec,3/16/2020,6/8/2020
Liechtenstein,EntertainmentVenues,3/17/2020,6/6/2020
Liechtenstein,EntertainmentVenues,12/20/2020,4/25/2021
Liechtenstein,EntertainmentVenuesPartial,12/12/2020,12/19/2020
Liechtenstein,EntertainmentVenuesPartial,4/26/2021,NA
Liechtenstein,GymsSportsCentres,1/12/2021,2/28/2021
Liechtenstein,GymsSportsCentresPartial,3/12/2020,6/6/2020
Liechtenstein,GymsSportsCentresPartial,3/1/2021,NA
Liechtenstein,IndoorOver1000,2/28/2020,3/13/2020
Liechtenstein,IndoorOver1000,7/3/2020,12/19/2020
Liechtenstein,IndoorOver1000,7/5/2021,8/15/2021
Liechtenstein,IndoorOver50,5/24/2021,6/13/2021
Liechtenstein,IndoorOver50,9/15/2021,NA
Liechtenstein,IndoorOver500,6/6/2020,7/2/2020
Liechtenstein,IndoorOver500,6/14/2021,7/4/2021
Liechtenstein,MasksMandatoryAllSpaces,12/20/2020,7/4/2021
Liechtenstein,MasksMandatoryAllSpacesPartial,9/15/2021,NA
Liechtenstein,MasksMandatoryClosedSpaces,10/20/2020,12/19/2020
Liechtenstein,MasksMandatoryClosedSpacesPartial,7/6/2020,10/19/2020
Liechtenstein,MasksMandatoryClosedSpacesPartial,7/5/2021,9/14/2021
Liechtenstein,MasksVoluntaryClosedSpacesPartial,5/13/2020,7/5/2020
Liechtenstein,MassGather50,3/14/2020,6/5/2020
Liechtenstein,MassGather50,12/20/2020,5/23/2021
Liechtenstein,MassGather50Partial,5/24/2021,6/13/2021
Liechtenstein,MassGather50Partial,9/15/2021,NA
Liechtenstein,MassGatherAll,2/28/2020,7/2/2020
Liechtenstein,MassGatherAll,12/20/2020,5/23/2021
Liechtenstein,MassGatherAll,6/14/2021,8/15/2021
Liechtenstein,MassGatherAllPartial,7/3/2020,12/19/2020
Liechtenstein,MassGatherAllPartial,5/24/2021,6/13/2021
Liechtenstein,MassGatherAllPartial,9/15/2021,NA
Liechtenstein,NonEssentialShops,3/17/2020,4/27/2020
Liechtenstein,OutdoorOver1000,2/28/2020,3/13/2020
Liechtenstein,OutdoorOver1000,7/3/2020,12/19/2020
Liechtenstein,OutdoorOver1000,7/5/2021,8/15/2021
Liechtenstein,OutdoorOver50,5/24/2021,6/13/2021
Liechtenstein,OutdoorOver500,6/6/2020,7/2/2020
Liechtenstein,OutdoorOver500,6/14/2021,7/4/2021
Liechtenstein,PrivateGatheringRestrictions,3/16/2020,5/20/2020
Liechtenstein,PrivateGatheringRestrictions,10/19/2020,6/13/2021
Liechtenstein,PrivateGatheringRestrictionsPartial,6/14/2021,6/28/2021
Liechtenstein,QuarantineForInternationalTravellers,7/6/2020,NA
Liechtenstein,RestaurantsCafes,3/17/2020,5/15/2020
Liechtenstein,RestaurantsCafes,10/24/2020,11/29/2020
Liechtenstein,RestaurantsCafes,12/20/2020,4/25/2021
Liechtenstein,RestaurantsCafesPartial,11/30/2020,12/19/2020
Liechtenstein,RestaurantsCafesPartial,4/26/2021,NA
Liechtenstein,StayHomeGen,3/21/2020,5/18/2020
Liechtenstein,StayHomeRiskG,3/16/2020,NA
Liechtenstein,TeleworkingPartial,1/15/2021,NA
Lithuania,BanOnAllEvents,3/12/2020,5/31/2020
Lithuania,BanOnAllEvents,11/7/2020,3/5/2021
Lithuania,ClosDaycare,3/16/2020,4/26/2020
Lithuania,ClosDaycarePartial,4/27/2020,5/17/2020
Lithuania,ClosHigh,3/16/2020,5/24/2020
Lithuania,ClosHigh,11/7/2020,5/23/2021
Lithuania,ClosHighPartial,5/25/2020,5/29/2020
Lithuania,ClosHighPartial,9/1/2020,11/6/2020
Lithuania,ClosHighPartial,5/24/2021,6/30/2021
Lithuania,ClosPrim,3/16/2020,5/24/2020
Lithuania,ClosPrim,12/14/2020,5/31/2021
Lithuania,ClosPrimPartial,5/25/2020,6/23/2020
Lithuania,ClosPubAnyPartial,3/16/2020,NA
Lithuania,ClosSec,3/16/2020,5/29/2020
Lithuania,ClosSec,11/7/2020,5/2/2021
Lithuania,ClosSecPartial,5/30/2020,6/30/2020
Lithuania,ClosSecPartial,9/1/2020,11/6/2020
Lithuania,ClosSecPartial,5/3/2021,6/30/2021
Lithuania,EntertainmentVenues,3/16/2020,4/26/2020
Lithuania,EntertainmentVenues,12/16/2020,3/5/2021
Lithuania,EntertainmentVenuesPartial,4/27/2020,7/17/2020
Lithuania,EntertainmentVenuesPartial,10/26/2020,12/15/2020
Lithuania,EntertainmentVenuesPartial,4/27/2021,6/30/2021
Lithuania,GymsSportsCentres,11/7/2020,5/2/2021
Lithuania,GymsSportsCentresPartial,3/16/2020,6/16/2020
Lithuania,GymsSportsCentresPartial,5/3/2021,6/30/2021
Lithuania,GymsSportsCentresPartial,9/13/2021,NA
Lithuania,HotelsOtherAccommodationPartial,11/7/2020,5/31/2021
Lithuania,IndoorOver100,6/1/2020,6/16/2020
Lithuania,IndoorOver1000,8/16/2020,8/31/2020
Lithuania,IndoorOver1000,9/13/2021,NA
Lithuania,IndoorOver500,6/17/2020,7/31/2020
Lithuania,IndoorOver500,10/30/2020,11/6/2020
Lithuania,IndoorOver500,5/25/2021,6/30/2021
Lithuania,MasksMandatoryAllSpaces,4/10/2020,4/29/2020
Lithuania,MasksMandatoryAllSpaces,11/7/2020,2/24/2021
Lithuania,MasksMandatoryAllSpacesPartial,4/30/2020,6/15/2020
Lithuania,MasksMandatoryAllSpacesPartial,8/21/2020,11/6/2020
Lithuania,MasksMandatoryAllSpacesPartial,2/25/2021,6/30/2021
Lithuania,MasksMandatoryClosedSpacesPartial,8/1/2020,8/20/2020
Lithuania,MasksMandatoryClosedSpacesPartial,7/1/2021,NA
Lithuania,MasksVoluntaryAllSpaces,3/23/2020,4/9/2020
Lithuania,MasksVoluntaryAllSpaces,6/16/2020,11/6/2020
Lithuania,MassGather50,3/12/2020,5/3/2020
Lithuania,MassGather50,11/7/2020,3/5/2021
Lithuania,MassGather50Partial,5/4/2020,6/16/2020
Lithuania,MassGatherAll,3/12/2020,5/3/2020
Lithuania,MassGatherAll,7/1/2020,8/15/2020
Lithuania,MassGatherAll,11/14/2020,3/5/2021
Lithuania,MassGatherAll,6/2/2021,6/30/2021
Lithuania,MassGatherAllPartial,5/4/2020,6/30/2020
Lithuania,MassGatherAllPartial,8/16/2020,8/31/2020
Lithuania,MassGatherAllPartial,10/30/2020,11/13/2020
Lithuania,MassGatherAllPartial,3/6/2021,6/1/2021
Lithuania,MassGatherAllPartial,9/13/2021,NA
Lithuania,NonEssentialShops,3/16/2020,4/22/2020
Lithuania,NonEssentialShops,12/16/2020,2/14/2021
Lithuania,NonEssentialShopsPartial,4/23/2020,12/15/2020
Lithuania,NonEssentialShopsPartial,2/15/2021,6/30/2021
Lithuania,NonEssentialShopsPartial,9/13/2021,NA
Lithuania,OutdoorOver1000,6/17/2020,8/31/2020
Lithuania,OutdoorOver1000,9/13/2021,NA
Lithuania,OutdoorOver50,6/1/2020,6/16/2020
Lithuania,OutdoorOver500,10/30/2020,11/6/2020
Lithuania,OutdoorOver500,3/6/2021,6/1/2021
Lithuania,PlaceOfWorship,3/16/2020,4/26/2020
Lithuania,PlaceOfWorshipPartial,4/27/2020,6/16/2020
Lithuania,PlaceOfWorshipPartial,11/7/2020,6/30/2021
Lithuania,PrivateGatheringRestrictions,11/7/2020,12/15/2020
Lithuania,PrivateGatheringRestrictionsPartial,3/19/2020,6/8/2020
Lithuania,PrivateGatheringRestrictionsPartial,5/24/2021,6/30/2021
Lithuania,QuarantineForInternationalTravellers,3/16/2020,6/13/2021
Lithuania,QuarantineForInternationalTravellersPartial,6/14/2021,NA
Lithuania,RestaurantsCafes,3/16/2020,4/22/2020
Lithuania,RestaurantsCafes,11/7/2020,4/21/2021
Lithuania,RestaurantsCafesPartial,4/23/2020,11/6/2020
Lithuania,RestaurantsCafesPartial,4/22/2021,NA
Lithuania,SocialCircle,12/16/2020,4/30/2021
Lithuania,StayHomeGen,3/16/2020,6/16/2020
Lithuania,StayHomeGen,11/7/2020,12/15/2020
Lithuania,StayHomeOrder,12/16/2020,3/31/2021
Lithuania,Teleworking,3/10/2020,11/6/2020
Lithuania,Teleworking,7/1/2021,NA
Lithuania,TeleworkingPartial,11/7/2020,6/30/2021
Luxembourg,ClosDaycare,3/16/2020,5/24/2020
Luxembourg,ClosDaycare,12/28/2020,1/10/2021
Luxembourg,ClosHigh,3/16/2020,5/24/2020
Luxembourg,ClosHigh,12/28/2020,1/10/2021
Luxembourg,ClosPrim,3/16/2020,5/24/2020
Luxembourg,ClosPrim,12/28/2020,1/10/2021
Luxembourg,ClosPubAnyPartial,3/16/2020,NA
Luxembourg,ClosSec,3/16/2020,5/4/2020
Luxembourg,ClosSec,12/28/2020,1/10/2021
Luxembourg,ClosSecPartial,5/5/2020,5/26/2020
Luxembourg,ClosureOfPublicTransportPartial,3/16/2020,6/8/2020
Luxembourg,ClosureOfPublicTransportPartial,5/31/2021,NA
Luxembourg,EntertainmentVenues,3/16/2020,5/10/2020
Luxembourg,EntertainmentVenues,11/26/2020,1/10/2021
Luxembourg,EntertainmentVenuesPartial,5/11/2020,11/25/2020
Luxembourg,EntertainmentVenuesPartial,7/16/2021,NA
Luxembourg,GymsSportsCentres,3/16/2020,5/29/2020
Luxembourg,GymsSportsCentres,11/26/2020,1/10/2021
Luxembourg,GymsSportsCentresPartial,1/11/2021,NA
Luxembourg,IndoorOver100,3/17/2020,5/10/2020
Luxembourg,IndoorOver100,9/22/2020,5/15/2021
Luxembourg,IndoorOver1000,3/9/2020,3/16/2020
Luxembourg,IndoorOver50,5/11/2020,9/21/2020
Luxembourg,IndoorOver500,5/16/2021,6/21/2021
Luxembourg,MasksMandatoryAllSpaces,3/18/2020,4/19/2020
Luxembourg,MasksMandatoryAllSpacesPartial,6/15/2020,NA
Luxembourg,MassGather50Partial,5/11/2020,9/21/2020
Luxembourg,MassGatherAll,3/9/2020,3/16/2020
Luxembourg,MassGatherAll,9/22/2020,6/21/2021
Luxembourg,MassGatherAllPartial,3/17/2020,9/21/2020
Luxembourg,NonEssentialShops,3/16/2020,4/19/2020
Luxembourg,NonEssentialShopsPartial,4/20/2020,5/11/2020
Luxembourg,NonEssentialShopsPartial,10/28/2020,NA
Luxembourg,OutdoorOver100,9/22/2020,6/12/2021
Luxembourg,OutdoorOver50,7/19/2020,9/21/2020
Luxembourg,OutdoorOver500,3/17/2020,7/18/2020
Luxembourg,PrivateGatheringRestrictions,3/16/2020,5/11/2020
Luxembourg,PrivateGatheringRestrictions,7/19/2020,6/12/2021
Luxembourg,PrivateGatheringRestrictionsPartial,6/13/2021,NA
Luxembourg,QuarantineForInternationalTravellers,5/6/2021,5/15/2021
Luxembourg,RestaurantsCafes,3/16/2020,5/29/2020
Luxembourg,RestaurantsCafes,11/27/2020,4/6/2021
Luxembourg,RestaurantsCafesPartial,5/30/2020,11/26/2020
Luxembourg,RestaurantsCafesPartial,4/7/2021,NA
Luxembourg,StayHomeOrder,3/18/2020,4/19/2020
Luxembourg,StayHomeOrderPartial,4/20/2020,5/11/2020
Luxembourg,StayHomeOrderPartial,10/30/2020,6/12/2021
Luxembourg,StayHomeRiskG,3/12/2020,NA
Luxembourg,Teleworking,3/13/2020,NA
Malta,BanOnAllEvents,3/13/2020,4/25/2021
Malta,BanOnAllEventsPartial,11/1/2021,NA
Malta,ClosDaycare,3/13/2020,6/30/2020
Malta,ClosDaycare,3/15/2021,4/11/2021
Malta,ClosHigh,3/13/2020,6/30/2020
Malta,ClosHigh,9/1/2020,NA
Malta,ClosPrim,3/13/2020,6/30/2020
Malta,ClosPrim,3/15/2021,4/11/2021
Malta,ClosPubAny,3/18/2020,5/21/2020
Malta,ClosPubAny,3/11/2021,4/25/2021
Malta,ClosPubAnyPartial,5/22/2020,3/10/2021
Malta,ClosPubAnyPartial,4/26/2021,NA
Malta,ClosSec,3/13/2020,6/30/2020
Malta,ClosSec,3/15/2021,4/11/2021
Malta,EntertainmentVenues,3/18/2020,5/21/2020
Malta,EntertainmentVenues,3/11/2021,4/25/2021
Malta,EntertainmentVenuesPartial,8/17/2020,3/10/2021
Malta,EntertainmentVenuesPartial,4/26/2021,6/27/2021
Malta,GymsSportsCentres,3/18/2020,6/2/2020
Malta,GymsSportsCentres,3/11/2021,5/9/2021
Malta,GymsSportsCentresPartial,6/3/2020,3/10/2021
Malta,GymsSportsCentresPartial,5/10/2021,NA
Malta,IndoorOver100,7/5/2021,7/18/2021
Malta,IndoorOver500,7/19/2021,10/31/2021
Malta,MasksMandatoryAllSpaces,5/22/2020,6/30/2021
Malta,MasksMandatoryAllSpacesPartial,7/1/2021,NA
Malta,MassGather50,3/13/2020,4/25/2021
Malta,MassGather50Partial,11/1/2021,NA
Malta,MassGatherAll,3/13/2020,4/25/2021
Malta,MassGatherAll,7/5/2021,10/31/2021
Malta,MassGatherAllPartial,11/1/2021,NA
Malta,NonEssentialShops,3/23/2020,5/21/2020
Malta,NonEssentialShops,3/10/2021,5/10/2021
Malta,NonEssentialShopsPartial,5/22/2020,3/9/2021
Malta,PlaceOfWorship,8/20/2020,3/30/2021
Malta,PrivateGatheringRestrictions,8/17/2020,4/25/2021
Malta,PrivateGatheringRestrictions,5/24/2021,NA
Malta,QuarantineForInternationalTravellers,3/13/2020,NA
Malta,RestaurantsCafes,3/18/2020,5/21/2020
Malta,RestaurantsCafes,3/11/2021,5/9/2021
Malta,RestaurantsCafesPartial,5/22/2020,3/10/2021
Malta,RestaurantsCafesPartial,5/10/2021,NA
Malta,StayHomeRiskG,3/28/2020,6/2/2020
Malta,Teleworking,5/8/2020,NA
Netherlands,AdaptationOfWorkplace,3/25/2020,3/2/2021
Netherlands,AdaptationOfWorkplace,5/19/2021,NA
Netherlands,AdaptationOfWorkplacePartial,3/3/2021,5/18/2021
Netherlands,BanOnAllEvents,3/23/2020,5/31/2020
Netherlands,BanOnAllEvents,11/4/2020,6/4/2021
Netherlands,BanOnAllEventsPartial,10/14/2020,11/3/2020
Netherlands,BanOnAllEventsPartial,6/5/2021,6/25/2021
Netherlands,ClosDaycare,3/16/2020,5/10/2020
Netherlands,ClosDaycare,12/16/2020,2/7/2021
Netherlands,ClosDaycarePartial,6/8/2020,7/1/2020
Netherlands,ClosDaycarePartial,2/8/2021,4/18/2021
Netherlands,ClosHigh,3/12/2020,6/14/2020
Netherlands,ClosHigh,12/16/2020,4/25/2021
Netherlands,ClosHighPartial,6/15/2020,9/1/2020
Netherlands,ClosHighPartial,4/26/2021,8/29/2021
Netherlands,ClosHighPartial,11/13/2021,NA
Netherlands,ClosPrim,3/16/2020,5/10/2020
Netherlands,ClosPrim,12/16/2020,2/7/2021
Netherlands,ClosPrimPartial,5/11/2020,6/8/2020
Netherlands,ClosPubAnyPartial,3/12/2020,6/25/2021
Netherlands,ClosPubAnyPartial,7/10/2021,NA
Netherlands,ClosSec,3/16/2020,6/1/2020
Netherlands,ClosSec,12/16/2020,2/28/2021
Netherlands,ClosSecPartial,6/2/2020,6/30/2020
Netherlands,ClosSecPartial,3/1/2021,5/31/2021
Netherlands,ClosureOfPublicTransportPartial,3/12/2020,5/31/2020
Netherlands,ClosureOfPublicTransportPartial,12/15/2020,5/18/2021
Netherlands,EntertainmentVenues,3/12/2020,5/31/2020
Netherlands,EntertainmentVenues,11/4/2020,5/18/2021
Netherlands,EntertainmentVenuesPartial,6/1/2020,11/3/2020
Netherlands,EntertainmentVenuesPartial,5/19/2021,6/25/2021
Netherlands,EntertainmentVenuesPartial,7/10/2021,NA
Netherlands,GymsSportsCentres,3/16/2020,4/28/2020
Netherlands,GymsSportsCentres,12/15/2020,5/18/2021
Netherlands,GymsSportsCentresPartial,4/29/2020,6/30/2020
Netherlands,GymsSportsCentresPartial,10/14/2020,12/14/2020
Netherlands,GymsSportsCentresPartial,5/19/2021,6/4/2021
Netherlands,IndoorOver100,3/12/2020,3/22/2020
Netherlands,IndoorOver100,6/1/2020,9/28/2020
Netherlands,IndoorOver100,6/26/2021,11/12/2021
Netherlands,IndoorOver1000,11/13/2021,NA
Netherlands,IndoorOver50,9/29/2020,10/13/2020
Netherlands,MasksMandatoryClosedSpaces,12/1/2020,6/25/2021
Netherlands,MasksMandatoryClosedSpaces,11/6/2021,NA
Netherlands,MasksMandatoryClosedSpacesPartial,6/1/2020,10/4/2020
Netherlands,MasksMandatoryClosedSpacesPartial,6/26/2021,11/5/2021
Netherlands,MasksVoluntaryClosedSpacesPartial,10/5/2020,11/30/2020
Netherlands,MassGather50,3/23/2020,5/31/2020
Netherlands,MassGather50,9/29/2020,10/13/2020
Netherlands,MassGather50,11/4/2020,6/4/2021
Netherlands,MassGather50Partial,10/14/2020,11/3/2020
Netherlands,MassGather50Partial,6/5/2021,6/25/2021
Netherlands,MassGatherAll,3/12/2020,6/30/2020
Netherlands,MassGatherAll,9/29/2020,10/13/2020
Netherlands,MassGatherAll,11/4/2020,6/4/2021
Netherlands,MassGatherAllPartial,7/1/2020,9/28/2020
Netherlands,MassGatherAllPartial,10/14/2020,11/3/2020
Netherlands,MassGatherAllPartial,6/5/2021,NA
Netherlands,NonEssentialShops,12/15/2020,3/2/2021
Netherlands,NonEssentialShopsPartial,3/3/2021,6/4/2021
Netherlands,NonEssentialShopsPartial,11/13/2021,NA
Netherlands,OutdoorOver100,3/12/2020,3/22/2020
Netherlands,OutdoorOver100,6/26/2021,8/17/2021
Netherlands,OutdoorOver1000,8/18/2021,NA
Netherlands,OutdoorOver50,9/29/2020,10/13/2020
Netherlands,OutdoorOver500,7/1/2020,9/28/2020
Netherlands,PlaceOfWorship,3/16/2020,5/31/2020
Netherlands,PlaceOfWorshipPartial,6/1/2020,6/30/2020
Netherlands,PrivateGatheringRestrictions,3/23/2020,6/30/2020
Netherlands,PrivateGatheringRestrictions,8/18/2020,6/25/2021
Netherlands,PrivateGatheringRestrictionsPartial,7/10/2021,8/13/2021
Netherlands,PrivateGatheringRestrictionsPartial,11/13/2021,NA
Netherlands,QuarantineForInternationalTravellers,3/14/2020,9/21/2021
Netherlands,QuarantineForInternationalTravellersPartial,9/22/2021,NA
Netherlands,RestaurantsCafes,3/15/2020,5/31/2020
Netherlands,RestaurantsCafes,10/14/2020,4/27/2021
Netherlands,RestaurantsCafesPartial,6/1/2020,6/30/2020
Netherlands,RestaurantsCafesPartial,9/29/2020,10/13/2020
Netherlands,RestaurantsCafesPartial,4/28/2021,6/4/2021
Netherlands,RestaurantsCafesPartial,7/10/2021,NA
Netherlands,StayHomeGen,3/18/2020,5/10/2020
Netherlands,StayHomeGen,12/15/2020,1/22/2021
Netherlands,StayHomeGen,4/29/2021,6/4/2021
Netherlands,StayHomeGenPartial,5/11/2020,6/1/2020
Netherlands,StayHomeGenPartial,11/4/2020,12/14/2020
Netherlands,StayHomeOrderPartial,1/23/2021,4/28/2021
Netherlands,StayHomeRiskG,3/13/2020,6/26/2020
Netherlands,Teleworking,3/12/2020,5/31/2020
Netherlands,Teleworking,8/18/2020,6/25/2021
Netherlands,Teleworking,7/19/2021,NA
Netherlands,TeleworkingPartial,6/1/2020,8/17/2020
Netherlands,TeleworkingPartial,6/26/2021,7/18/2021
Netherlands,WorkplaceClosures,3/23/2020,5/10/2020
Netherlands,WorkplaceClosures,12/15/2020,3/2/2021
Netherlands,WorkplaceClosuresPartial,3/3/2021,4/27/2021
Norway,AdaptationOfWorkplacePartial,7/28/2021,9/25/2021
Norway,BanOnAllEvents,3/12/2020,5/6/2020
Norway,ClosDaycare,3/12/2020,4/20/2020
Norway,ClosDaycarePartial,7/8/2021,10/11/2021
Norway,ClosHigh,3/12/2020,6/14/2020
Norway,ClosHigh,1/4/2021,2/18/2021
Norway,ClosHighPartial,11/9/2020,1/3/2021
Norway,ClosHighPartial,2/19/2021,9/25/2021
Norway,ClosPrim,3/12/2020,4/26/2020
Norway,ClosPubAny,3/12/2020,5/31/2020
Norway,ClosPubAnyPartial,6/1/2020,9/25/2021
Norway,ClosSec,3/12/2020,5/11/2020
Norway,ClosSecPartial,1/4/2021,1/17/2021
Norway,EntertainmentVenues,3/12/2020,5/31/2020
Norway,EntertainmentVenues,3/25/2021,9/25/2021
Norway,EntertainmentVenuesPartial,6/1/2020,1/3/2021
Norway,GymsSportsCentres,3/12/2020,5/14/2020
Norway,GymsSportsCentres,1/3/2021,1/17/2021
Norway,GymsSportsCentres,3/25/2021,4/15/2021
Norway,GymsSportsCentresPartial,1/18/2021,3/24/2021
Norway,GymsSportsCentresPartial,4/16/2021,9/25/2021
Norway,IndoorOver100,2/19/2021,3/24/2021
Norway,IndoorOver100,4/16/2021,6/17/2021
Norway,IndoorOver50,5/7/2020,6/14/2020
Norway,IndoorOver50,3/25/2021,4/15/2021
Norway,IndoorOver500,6/15/2020,2/18/2021
Norway,MasksVoluntaryAllSpacesPartial,8/14/2020,NA
Norway,MassGather50,3/12/2020,6/14/2020
Norway,MassGather50,3/25/2021,4/15/2021
Norway,MassGatherAll,3/12/2020,6/14/2020
Norway,MassGatherAll,10/12/2020,5/26/2021
Norway,MassGatherAllPartial,6/15/2020,10/11/2020
Norway,MassGatherAllPartial,5/27/2021,6/17/2021
Norway,OutdoorOver50,5/7/2020,6/14/2020
Norway,OutdoorOver50,3/25/2021,4/15/2021
Norway,OutdoorOver500,6/15/2020,3/24/2021
Norway,OutdoorOver500,4/16/2021,6/17/2021
Norway,PrivateGatheringRestrictions,6/2/2020,9/25/2021
Norway,QuarantineForInternationalTravellers,7/15/2020,3/5/2021
Norway,QuarantineForInternationalTravellers,3/29/2021,6/11/2021
Norway,QuarantineForInternationalTravellersPartial,5/7/2020,7/14/2020
Norway,QuarantineForInternationalTravellersPartial,3/6/2021,3/28/2021
Norway,QuarantineForInternationalTravellersPartial,6/12/2021,NA
Norway,RestaurantsCafes,3/12/2020,5/31/2020
Norway,RestaurantsCafesPartial,6/1/2020,9/25/2021
Norway,StayHomeGen,11/5/2020,1/3/2021
Norway,StayHomeRiskG,3/12/2020,6/1/2020
Norway,Teleworking,3/10/2020,6/17/2021
Norway,TeleworkingPartial,6/18/2021,9/25/2021
Poland,AdaptationOfWorkplace,4/2/2020,NA
Poland,BanOnAllEvents,3/14/2020,5/3/2020
Poland,BanOnAllEvents,11/7/2020,5/7/2021
Poland,BanOnAllEventsPartial,7/17/2020,8/6/2020
Poland,ClosDaycare,3/12/2020,5/6/2020
Poland,ClosDaycarePartial,3/27/2021,4/18/2021
Poland,ClosHigh,3/12/2020,5/24/2020
Poland,ClosHighPartial,5/25/2020,8/31/2020
Poland,ClosHighPartial,10/1/2020,NA
Poland,ClosPrim,3/12/2020,5/24/2020
Poland,ClosPrim,11/10/2020,1/17/2021
Poland,ClosPrim,3/20/2021,4/25/2021
Poland,ClosPrimPartial,5/25/2020,6/30/2020
Poland,ClosPrimPartial,10/24/2020,11/9/2020
Poland,ClosPrimPartial,1/18/2021,3/19/2021
Poland,ClosPrimPartial,4/26/2021,5/28/2021
Poland,ClosPubAny,3/14/2020,3/14/2020
Poland,ClosPubAnyPartial,3/15/2020,NA
Poland,ClosSec,3/12/2020,5/24/2020
Poland,ClosSec,10/24/2020,5/14/2021
Poland,ClosSecPartial,5/25/2020,6/30/2020
Poland,ClosSecPartial,9/1/2020,10/23/2020
Poland,ClosSecPartial,5/15/2021,5/28/2021
Poland,ClosureOfPublicTransportPartial,3/15/2020,6/26/2021
Poland,EntertainmentVenues,3/14/2020,6/6/2020
Poland,EntertainmentVenues,10/24/2020,1/31/2021
Poland,EntertainmentVenues,3/20/2021,5/3/2021
Poland,EntertainmentVenuesPartial,6/7/2020,10/23/2020
Poland,EntertainmentVenuesPartial,2/1/2021,3/19/2021
Poland,EntertainmentVenuesPartial,5/4/2021,NA
Poland,GymsSportsCentres,3/14/2020,6/4/2020
Poland,GymsSportsCentres,3/20/2021,4/15/2021
Poland,GymsSportsCentresPartial,6/5/2020,8/6/2020
Poland,GymsSportsCentresPartial,4/16/2021,NA
Poland,HotelsOtherAccommodation,3/14/2020,5/4/2020
Poland,HotelsOtherAccommodationPartial,10/24/2020,NA
Poland,IndoorOver100,8/7/2020,10/16/2020
Poland,IndoorOver50,10/23/2020,11/6/2020
Poland,IndoorOver50,5/28/2021,6/5/2021
Poland,IndoorOver500,3/10/2020,3/13/2020
Poland,IndoorOver500,6/6/2021,NA
Poland,MasksMandatoryAllSpaces,4/16/2020,5/29/2020
Poland,MasksMandatoryAllSpaces,10/10/2020,5/14/2021
Poland,MasksMandatoryClosedSpaces,5/15/2021,NA
Poland,MasksMandatoryClosedSpacesPartial,5/30/2020,9/18/2020
Poland,MassGather50,3/14/2020,5/3/2020
Poland,MassGather50,10/23/2020,5/7/2021
Poland,MassGather50,5/28/2021,6/5/2021
Poland,MassGather50Partial,7/17/2020,8/6/2020
Poland,MassGatherAll,3/10/2020,5/3/2020
Poland,MassGatherAll,5/30/2020,6/18/2020
Poland,MassGatherAll,10/23/2020,5/7/2021
Poland,MassGatherAll,5/28/2021,6/5/2021
Poland,MassGatherAllPartial,6/19/2020,10/16/2020
Poland,MassGatherAllPartial,6/6/2021,NA
Poland,NonEssentialShops,3/14/2020,5/17/2020
Poland,NonEssentialShops,11/7/2020,1/31/2021
Poland,NonEssentialShops,3/20/2021,4/25/2021
Poland,NonEssentialShopsPartial,2/1/2021,3/19/2021
Poland,NonEssentialShopsPartial,4/26/2021,NA
Poland,OutdoorOver100,5/30/2020,7/16/2020
Poland,OutdoorOver50,5/28/2021,6/5/2021
Poland,OutdoorOver500,8/7/2020,10/10/2020
Poland,OutdoorOver500,6/6/2021,NA
Poland,PlaceOfWorshipPartial,4/19/2020,5/30/2020
Poland,PlaceOfWorshipPartial,8/9/2020,NA
Poland,PrivateGatheringRestrictions,4/2/2020,5/29/2020
Poland,PrivateGatheringRestrictions,10/17/2020,5/7/2021
Poland,PrivateGatheringRestrictionsPartial,5/8/2021,5/27/2021
Poland,QuarantineForInternationalTravellers,3/15/2020,NA
Poland,RestaurantsCafes,3/14/2020,5/17/2020
Poland,RestaurantsCafes,10/24/2020,5/14/2021
Poland,RestaurantsCafesPartial,5/18/2020,5/29/2020
Poland,RestaurantsCafesPartial,5/15/2021,NA
Poland,StayHomeGen,4/20/2020,5/4/2020
Poland,StayHomeOrder,3/24/2020,4/19/2020
Poland,StayHomeRiskG,3/8/2020,NA
Poland,Teleworking,3/8/2020,NA
Portugal,BanOnAllEvents,5/4/2020,4/15/2021
Portugal,BanOnAllEventsPartial,4/16/2021,6/28/2021
Portugal,ClosDaycare,3/16/2020,5/17/2020
Portugal,ClosDaycare,1/22/2021,3/14/2021
Portugal,ClosDaycarePartial,5/18/2020,5/31/2020
Portugal,ClosHigh,3/16/2020,5/17/2020
Portugal,ClosHigh,1/22/2021,4/15/2021
Portugal,ClosHighPartial,5/18/2020,9/7/2020
Portugal,ClosPrim,3/16/2020,9/14/2020
Portugal,ClosPrim,1/22/2021,3/14/2021
Portugal,ClosPubAny,3/13/2020,3/17/2020
Portugal,ClosPubAnyPartial,3/18/2020,NA
Portugal,ClosSec,3/16/2020,5/17/2020
Portugal,ClosSec,1/22/2021,3/31/2021
Portugal,ClosSecPartial,5/18/2020,9/14/2020
Portugal,ClosSecPartial,4/1/2021,4/15/2021
Portugal,ClosureOfPublicTransportPartial,3/18/2020,8/22/2021
Portugal,EntertainmentVenues,3/13/2020,5/17/2020
Portugal,EntertainmentVenues,1/15/2021,4/15/2021
Portugal,EntertainmentVenuesPartial,5/18/2020,6/1/2020
Portugal,EntertainmentVenuesPartial,11/24/2020,1/14/2021
Portugal,EntertainmentVenuesPartial,4/16/2021,9/30/2021
Portugal,GymsSportsCentres,3/15/2020,5/3/2020
Portugal,GymsSportsCentres,1/15/2021,3/31/2021
Portugal,GymsSportsCentresPartial,5/4/2020,11/23/2020
Portugal,GymsSportsCentresPartial,4/1/2021,4/30/2021
Portugal,GymsSportsCentresPartial,7/8/2021,7/31/2021
Portugal,HotelsOtherAccommodationPartial,7/8/2021,NA
Portugal,IndoorOver100,3/15/2020,5/3/2020
Portugal,MasksMandatoryAllSpaces,10/28/2020,9/30/2021
Portugal,MasksMandatoryAllSpacesPartial,10/1/2021,NA
Portugal,MasksMandatoryClosedSpaces,5/4/2020,10/27/2020
Portugal,MasksVoluntaryAllSpaces,10/15/2020,10/27/2020
Portugal,MassGather50,5/4/2020,4/15/2021
Portugal,MassGather50Partial,4/16/2021,6/28/2021
Portugal,MassGatherAll,3/15/2020,4/15/2021
Portugal,MassGatherAllPartial,4/16/2021,6/28/2021
Portugal,NonEssentialShops,3/15/2020,5/3/2020
Portugal,NonEssentialShops,1/15/2021,3/31/2021
Portugal,NonEssentialShopsPartial,5/4/2020,11/23/2020
Portugal,NonEssentialShopsPartial,4/1/2021,6/28/2021
Portugal,OutdoorOver100,3/15/2020,5/3/2020
Portugal,PlaceOfWorship,3/13/2020,5/30/2020
Portugal,PrivateGatheringRestrictions,5/3/2020,6/28/2021
Portugal,QuarantineForInternationalTravellers,2/27/2020,3/17/2020
Portugal,QuarantineForInternationalTravellers,1/31/2021,6/28/2021
Portugal,RegionalStayHomeOrder,4/2/2020,5/3/2020
Portugal,RestaurantsCafes,3/15/2020,5/31/2020
Portugal,RestaurantsCafes,11/15/2020,3/31/2021
Portugal,RestaurantsCafesPartial,4/1/2021,9/30/2021
Portugal,StayHomeGen,5/1/2021,6/28/2021
Portugal,StayHomeOrder,3/19/2020,5/2/2020
Portugal,StayHomeOrder,1/15/2021,4/30/2021
Portugal,StayHomeRiskG,3/18/2020,5/2/2020
Portugal,Teleworking,3/16/2020,5/31/2020
Portugal,Teleworking,1/15/2021,4/30/2021
Portugal,TeleworkingPartial,6/1/2020,10/22/2020
Portugal,TeleworkingPartial,5/1/2021,NA
Romania,AdaptationOfWorkplace,3/16/2020,NA
Romania,ClosDaycare,3/16/2020,6/14/2020
Romania,ClosDaycare,11/9/2020,12/23/2020
Romania,ClosDaycare,1/11/2021,2/7/2021
Romania,ClosDaycare,10/25/2021,11/5/2021
Romania,ClosDaycarePartial,6/15/2020,9/14/2020
Romania,ClosHigh,3/16/2020,6/14/2020
Romania,ClosHigh,10/25/2021,11/5/2021
Romania,ClosHighPartial,8/31/2020,3/5/2021
Romania,ClosPrim,3/16/2020,6/14/2020
Romania,ClosPrim,11/9/2020,12/23/2020
Romania,ClosPrim,1/11/2021,2/7/2021
Romania,ClosPrim,10/25/2021,11/5/2021
Romania,ClosPrimPartial,6/15/2020,9/14/2020
Romania,ClosPubAny,3/18/2020,5/13/2020
Romania,ClosPubAnyPartial,5/14/2020,NA
Romania,ClosSec,3/16/2020,6/1/2020
Romania,ClosSec,11/9/2020,12/23/2020
Romania,ClosSec,1/11/2021,2/7/2021
Romania,ClosSec,10/25/2021,11/5/2021
Romania,ClosSecPartial,6/2/2020,9/13/2020
Romania,ClosSecPartial,2/8/2021,9/1/2021
Romania,EntertainmentVenues,3/18/2020,5/13/2020
Romania,EntertainmentVenuesPartial,5/14/2020,NA
Romania,GymsSportsCentres,3/18/2020,5/30/2020
Romania,GymsSportsCentresPartial,5/31/2020,6/14/2020
Romania,GymsSportsCentresPartial,3/25/2021,NA
Romania,HotelsOtherAccommodation,3/18/2020,5/15/2020
Romania,HotelsOtherAccommodationPartial,5/15/2021,6/30/2021
Romania,IndoorOver100,6/9/2021,6/30/2021
Romania,IndoorOver50,9/1/2020,6/8/2021
Romania,IndoorOver500,7/1/2021,NA
Romania,MasksMandatoryAllSpaces,8/1/2020,5/14/2021
Romania,MasksMandatoryAllSpaces,10/25/2021,NA
Romania,MasksMandatoryAllSpacesPartial,5/15/2021,10/24/2021
Romania,MasksMandatoryClosedSpaces,5/15/2020,7/31/2020
Romania,MassGather50,9/1/2020,6/8/2021
Romania,MassGatherAll,3/18/2020,5/31/2021
Romania,MassGatherAllPartial,6/1/2021,NA
Romania,NonEssentialShops,3/22/2020,5/13/2020
Romania,NonEssentialShopsPartial,5/14/2020,6/14/2020
Romania,NonEssentialShopsPartial,11/5/2020,5/14/2021
Romania,NonEssentialShopsPartial,6/9/2021,NA
Romania,OutdoorOver1000,6/1/2021,NA
Romania,OutdoorOver500,3/18/2020,8/31/2020
Romania,OutdoorOver500,5/15/2021,5/31/2021
Romania,PlaceOfWorship,3/18/2020,5/14/2020
Romania,PlaceOfWorshipPartial,5/15/2020,NA
Romania,PrivateGatheringRestrictions,3/22/2020,NA
Romania,QuarantineForInternationalTravellers,3/25/2020,8/16/2020
Romania,QuarantineForInternationalTravellersPartial,8/17/2020,NA
Romania,RestaurantsCafes,3/18/2020,5/31/2020
Romania,RestaurantsCafesPartial,6/1/2020,NA
Romania,StayHomeOrderPartial,3/22/2020,5/13/2020
Romania,StayHomeOrderPartial,11/9/2020,5/14/2021
Romania,StayHomeOrderPartial,10/25/2021,NA
Romania,StayHomeRiskG,3/25/2020,5/14/2020
Romania,Teleworking,3/16/2020,10/24/2021
Romania,TeleworkingPartial,10/25/2021,NA
Slovakia,BanOnAllEvents,3/10/2020,6/3/2020
Slovakia,BanOnAllEventsPartial,11/2/2020,11/14/2020
Slovakia,BanOnAllEventsPartial,12/30/2020,4/28/2021
Slovakia,ClosDaycare,3/16/2020,5/31/2020
Slovakia,ClosDaycarePartial,6/1/2020,6/30/2020
Slovakia,ClosHigh,3/16/2020,6/9/2020
Slovakia,ClosHighPartial,6/10/2020,8/30/2021
Slovakia,ClosPrim,3/30/2020,5/31/2020
Slovakia,ClosPrimPartial,6/1/2020,6/30/2020
Slovakia,ClosPrimPartial,10/12/2020,4/11/2021
Slovakia,ClosPubAnyPartial,3/12/2020,5/20/2020
Slovakia,ClosPubAnyPartial,10/1/2020,NA
Slovakia,ClosSec,3/16/2020,5/31/2020
Slovakia,ClosSec,10/12/2020,11/15/2020
Slovakia,ClosSecPartial,6/1/2020,6/30/2020
Slovakia,ClosSecPartial,11/16/2020,9/2/2021
Slovakia,EntertainmentVenues,3/16/2020,5/20/2020
Slovakia,EntertainmentVenues,10/15/2020,11/15/2020
Slovakia,EntertainmentVenues,12/19/2020,4/26/2021
Slovakia,EntertainmentVenuesPartial,11/16/2020,12/18/2020
Slovakia,EntertainmentVenuesPartial,4/27/2021,NA
Slovakia,GymsSportsCentres,3/16/2020,5/20/2020
Slovakia,GymsSportsCentres,10/15/2020,11/15/2020
Slovakia,GymsSportsCentres,12/19/2020,4/25/2021
Slovakia,GymsSportsCentresPartial,11/16/2020,12/18/2020
Slovakia,GymsSportsCentresPartial,4/26/2021,NA
Slovakia,HotelsOtherAccommodation,1/1/2021,1/10/2021
Slovakia,HotelsOtherAccommodationPartial,3/12/2020,5/20/2020
Slovakia,HotelsOtherAccommodationPartial,12/14/2020,12/31/2020
Slovakia,HotelsOtherAccommodationPartial,1/11/2021,NA
Slovakia,IndoorOver100,6/4/2020,6/14/2020
Slovakia,IndoorOver1000,6/15/2020,8/31/2020
Slovakia,IndoorOver500,9/1/2020,9/30/2020
Slovakia,MasksMandatoryAllSpaces,3/25/2020,6/9/2020
Slovakia,MasksMandatoryAllSpaces,10/1/2020,4/18/2021
Slovakia,MasksMandatoryAllSpacesPartial,4/19/2021,NA
Slovakia,MasksMandatoryClosedSpaces,6/10/2020,9/30/2020
Slovakia,MassGather50,3/10/2020,6/3/2020
Slovakia,MassGather50Partial,11/2/2020,11/14/2020
Slovakia,MassGather50Partial,12/30/2020,4/28/2021
Slovakia,MassGatherAll,3/10/2020,9/30/2020
Slovakia,MassGatherAllPartial,11/2/2020,11/14/2020
Slovakia,MassGatherAllPartial,12/30/2020,4/28/2021
Slovakia,NonEssentialShops,3/16/2020,4/21/2020
Slovakia,NonEssentialShopsPartial,4/22/2020,5/20/2020
Slovakia,NonEssentialShopsPartial,10/1/2020,NA
Slovakia,OutdoorOver100,6/4/2020,6/14/2020
Slovakia,OutdoorOver1000,6/15/2020,9/30/2020
Slovakia,PlaceOfWorshipPartial,1/1/2021,NA
Slovakia,PrivateGatheringRestrictionsPartial,10/1/2020,NA
Slovakia,QuarantineForInternationalTravellersPartial,3/12/2020,NA
Slovakia,RestaurantsCafes,1/1/2021,4/25/2021
Slovakia,RestaurantsCafesPartial,3/12/2020,5/20/2020
Slovakia,RestaurantsCafesPartial,10/1/2020,12/31/2020
Slovakia,RestaurantsCafesPartial,4/26/2021,NA
Slovakia,StayHomeOrderPartial,11/2/2020,11/14/2020
Slovakia,StayHomeOrderPartial,1/1/2021,5/15/2021
Slovakia,Teleworking,11/2/2020,4/18/2021
Slovakia,TeleworkingPartial,4/19/2021,NA
Slovenia,BanOnAllEvents,4/1/2021,4/11/2021
Slovenia,BanOnAllEvents,11/8/2021,NA
Slovenia,BanOnAllEventsPartial,3/19/2020,5/4/2020
Slovenia,BanOnAllEventsPartial,10/17/2020,3/31/2021
Slovenia,BanOnAllEventsPartial,4/12/2021,4/18/2021
Slovenia,BanOnAllEventsPartial,4/23/2021,5/14/2021
Slovenia,ClosDaycare,3/12/2020,5/17/2020
Slovenia,ClosDaycare,10/26/2020,2/2/2021
Slovenia,ClosDaycare,4/1/2021,4/11/2021
Slovenia,ClosDaycarePartial,5/18/2020,6/1/2020
Slovenia,ClosHigh,3/12/2020,10/14/2020
Slovenia,ClosHigh,10/24/2020,1/25/2021
Slovenia,ClosHigh,4/1/2021,4/25/2021
Slovenia,ClosHighPartial,10/15/2020,10/23/2020
Slovenia,ClosHighPartial,1/26/2021,3/31/2021
Slovenia,ClosPrim,3/12/2020,5/17/2020
Slovenia,ClosPrim,10/24/2020,2/15/2021
Slovenia,ClosPrim,4/1/2021,4/11/2021
Slovenia,ClosPrimPartial,5/18/2020,6/1/2020
Slovenia,ClosPubAny,3/14/2020,4/28/2020
Slovenia,ClosPubAnyPartial,4/29/2020,NA
Slovenia,ClosSec,3/12/2020,5/17/2020
Slovenia,ClosSec,10/19/2020,2/14/2021
Slovenia,ClosSec,4/1/2021,4/11/2021
Slovenia,ClosSecPartial,5/18/2020,6/24/2020
Slovenia,ClosureOfPublicTransport,3/14/2020,4/30/2020
Slovenia,ClosureOfPublicTransport,11/16/2020,12/15/2020
Slovenia,EntertainmentVenues,3/16/2020,4/28/2020
Slovenia,EntertainmentVenues,4/1/2021,4/11/2021
Slovenia,EntertainmentVenues,11/8/2021,NA
Slovenia,EntertainmentVenuesPartial,4/29/2020,12/18/2020
Slovenia,EntertainmentVenuesPartial,1/9/2021,1/15/2021
Slovenia,EntertainmentVenuesPartial,3/20/2021,3/31/2021
Slovenia,EntertainmentVenuesPartial,4/12/2021,11/7/2021
Slovenia,GymsSportsCentres,3/15/2020,5/17/2020
Slovenia,GymsSportsCentres,4/1/2021,5/16/2021
Slovenia,GymsSportsCentresPartial,5/18/2020,6/1/2020
Slovenia,GymsSportsCentresPartial,5/17/2021,NA
Slovenia,IndoorOver100,3/10/2020,3/18/2020
Slovenia,IndoorOver100,5/5/2020,5/31/2020
Slovenia,IndoorOver100,4/19/2021,4/22/2021
Slovenia,IndoorOver100,6/21/2021,11/7/2021
Slovenia,IndoorOver50,5/15/2021,6/20/2021
Slovenia,IndoorOver500,3/7/2020,3/9/2020
Slovenia,MasksMandatoryAllSpacesPartial,6/25/2020,NA
Slovenia,MasksMandatoryClosedSpaces,3/30/2020,6/11/2020
Slovenia,MassGather50,5/18/2020,5/31/2020
Slovenia,MassGather50,4/1/2021,4/11/2021
Slovenia,MassGather50,5/15/2021,6/20/2021
Slovenia,MassGather50,11/8/2021,NA
Slovenia,MassGather50Partial,3/19/2020,5/4/2020
Slovenia,MassGather50Partial,10/17/2020,3/31/2021
Slovenia,MassGather50Partial,4/12/2021,4/18/2021
Slovenia,MassGather50Partial,4/23/2021,5/14/2021
Slovenia,MassGatherAll,3/7/2020,3/18/2020
Slovenia,MassGatherAll,5/5/2020,6/14/2020
Slovenia,MassGatherAll,4/1/2021,4/11/2021
Slovenia,MassGatherAll,4/19/2021,4/22/2021
Slovenia,MassGatherAll,5/15/2021,NA
Slovenia,MassGatherAllPartial,3/19/2020,5/4/2020
Slovenia,MassGatherAllPartial,10/17/2020,3/31/2021
Slovenia,MassGatherAllPartial,4/12/2021,4/18/2021
Slovenia,MassGatherAllPartial,4/23/2021,5/14/2021
Slovenia,NonEssentialShops,3/15/2020,4/20/2020
Slovenia,NonEssentialShops,10/24/2020,12/14/2020
Slovenia,NonEssentialShopsPartial,12/15/2020,NA
Slovenia,OutdoorOver100,4/19/2021,4/22/2021
Slovenia,OutdoorOver50,5/18/2020,5/31/2020
Slovenia,OutdoorOver50,5/15/2021,6/20/2021
Slovenia,OutdoorOver500,3/10/2020,3/17/2020
Slovenia,OutdoorOver500,6/1/2020,6/14/2020
Slovenia,OutdoorOver500,6/21/2021,11/7/2021
Slovenia,PlaceOfWorship,4/1/2021,4/11/2021
Slovenia,PlaceOfWorshipPartial,4/12/2021,NA
Slovenia,PrivateGatheringRestrictions,3/19/2020,5/17/2020
Slovenia,PrivateGatheringRestrictions,11/13/2020,4/11/2021
Slovenia,PrivateGatheringRestrictionsPartial,10/14/2020,11/12/2020
Slovenia,PrivateGatheringRestrictionsPartial,4/12/2021,NA
Slovenia,QuarantineForInternationalTravellers,4/4/2020,NA
Slovenia,RestaurantsCafes,3/15/2020,5/17/2020
Slovenia,RestaurantsCafes,4/1/2021,4/11/2021
Slovenia,RestaurantsCafesPartial,10/17/2020,3/31/2021
Slovenia,RestaurantsCafesPartial,4/12/2021,NA
Slovenia,StayHomeOrderPartial,10/20/2020,4/12/2021
Slovenia,Teleworking,3/4/2020,NA
Slovenia,WorkplaceClosures,3/15/2020,5/4/2020
Spain,AdaptationOfWorkplace,4/11/2020,4/12/2020
Spain,BanOnAllEvents,3/14/2020,6/1/2020
Spain,BanOnAllEventsPartial,10/1/2020,NA
Spain,ClosDaycare,3/12/2020,8/27/2020
Spain,ClosHigh,3/12/2020,8/27/2020
Spain,ClosHighPartial,9/15/2020,NA
Spain,ClosPrim,3/12/2020,8/27/2020
Spain,ClosPubAnyPartial,3/14/2020,NA
Spain,ClosSec,3/12/2020,8/27/2020
Spain,ClosureOfPublicTransportPartial,3/14/2020,5/9/2021
Spain,EntertainmentVenues,3/14/2020,5/10/2020
Spain,EntertainmentVenues,8/14/2020,6/1/2021
Spain,EntertainmentVenuesPartial,5/11/2020,6/20/2020
Spain,EntertainmentVenuesPartial,6/2/2021,NA
Spain,GymsSportsCentres,3/14/2020,6/20/2020
Spain,HotelsOtherAccommodation,3/14/2020,5/31/2020
Spain,HotelsOtherAccommodationPartial,6/1/2020,6/20/2020
Spain,IndoorOver100,6/2/2020,6/21/2020
Spain,MasksMandatoryAllSpaces,3/30/2021,6/25/2021
Spain,MasksMandatoryAllSpacesPartial,5/21/2020,8/3/2020
Spain,MasksMandatoryAllSpacesPartial,6/26/2021,NA
Spain,MasksMandatoryClosedSpaces,5/4/2020,5/21/2020
Spain,MasksMandatoryClosedSpaces,8/4/2020,3/29/2021
Spain,MasksVoluntaryClosedSpaces,3/13/2020,5/3/2020
Spain,MassGather50,3/14/2020,6/1/2020
Spain,MassGather50Partial,10/1/2020,NA
Spain,MassGatherAll,3/14/2020,6/21/2020
Spain,MassGatherAllPartial,10/1/2020,NA
Spain,NonEssentialShops,3/14/2020,6/21/2020
Spain,OutdoorOver1000,6/2/2020,6/21/2020
Spain,PlaceOfWorshipPartial,3/14/2020,6/21/2020
Spain,PlaceOfWorshipPartial,10/25/2020,5/9/2021
Spain,PrivateGatheringRestrictionsPartial,10/25/2020,5/9/2021
Spain,QuarantineForInternationalTravellers,2/25/2020,7/1/2020
Spain,QuarantineForInternationalTravellers,2/22/2021,8/23/2021
Spain,RegionalStayHomeOrderPartial,10/25/2020,6/7/2021
Spain,RegionalStayHomeOrderPartial,7/19/2021,8/27/2021
Spain,RestaurantsCafes,3/14/2020,5/3/2020
Spain,RestaurantsCafesPartial,5/4/2020,9/30/2020
Spain,RestaurantsCafesPartial,10/19/2020,NA
Spain,SocialCirclePartial,8/27/2020,8/28/2020
Spain,StayHomeGen,3/9/2020,3/13/2020
Spain,StayHomeOrder,3/14/2020,5/3/2020
Spain,StayHomeOrderPartial,5/4/2020,5/11/2020
Spain,StayHomeOrderPartial,3/26/2021,4/9/2021
Spain,StayHomeRiskG,3/12/2020,3/13/2020
Spain,Teleworking,3/9/2020,4/12/2020
Sweden,AdaptationOfWorkplace,7/8/2020,12/31/2020
Sweden,AdaptationOfWorkplacePartial,3/25/2020,7/7/2020
Sweden,BanOnAllEvents,3/29/2020,6/13/2020
Sweden,BanOnAllEventsPartial,6/14/2020,3/5/2021
Sweden,ClosHigh,3/17/2020,6/1/2021
Sweden,ClosPubAnyPartial,7/1/2020,7/1/2021
Sweden,ClosSec,3/18/2020,6/15/2020
Sweden,ClosSec,12/7/2020,4/1/2021
Sweden,ClosSecPartial,11/23/2020,12/6/2020
Sweden,EntertainmentVenuesPartial,3/25/2021,5/31/2021
Sweden,GymsSportsCentresPartial,3/6/2021,5/17/2021
Sweden,IndoorOver500,3/12/2020,3/28/2020
Sweden,IndoorOver500,3/6/2021,9/29/2021
Sweden,MasksVoluntaryClosedSpacesPartial,1/7/2021,7/1/2021
Sweden,MassGather50,3/29/2020,6/13/2020
Sweden,MassGather50Partial,6/14/2020,3/5/2021
Sweden,MassGatherAll,3/12/2020,6/13/2020
Sweden,MassGatherAll,3/6/2021,9/29/2021
Sweden,MassGatherAllPartial,6/14/2020,3/5/2021
Sweden,NonEssentialShopsPartial,3/9/2021,5/17/2021
Sweden,OutdoorOver500,3/6/2021,9/29/2021
Sweden,PrivateGatheringRestrictions,11/30/2020,9/29/2021
Sweden,QuarantineForInternationalTravellers,1/22/2021,NA
Sweden,RestaurantsCafesPartial,7/1/2020,7/1/2021
Sweden,StayHomeRiskG,4/1/2020,10/22/2020
Sweden,Teleworking,3/16/2020,9/30/2021
Switzerland,AdaptationOfWorkplace,1/18/2021,NA
Switzerland,BanOnAllEvents,3/20/2020,6/5/2020
Switzerland,BanOnAllEvents,1/18/2021,4/18/2021
Switzerland,ClosHigh,3/16/2020,5/11/2020
Switzerland,ClosHigh,11/2/2020,5/30/2021
Switzerland,ClosPrim,3/16/2020,5/11/2020
Switzerland,ClosPubAny,3/16/2020,5/10/2020
Switzerland,ClosPubAny,1/18/2021,2/28/2021
Switzerland,ClosPubAnyPartial,5/11/2020,6/6/2020
Switzerland,ClosPubAnyPartial,10/29/2020,1/17/2021
Switzerland,ClosPubAnyPartial,3/1/2021,NA
Switzerland,ClosSec,3/16/2020,5/11/2020
Switzerland,EntertainmentVenues,12/22/2020,2/28/2021
Switzerland,EntertainmentVenuesPartial,10/29/2020,12/21/2020
Switzerland,EntertainmentVenuesPartial,3/1/2021,NA
Switzerland,GymsSportsCentres,3/16/2020,5/10/2020
Switzerland,GymsSportsCentres,12/22/2020,5/30/2021
Switzerland,GymsSportsCentresPartial,5/11/2020,6/6/2020
Switzerland,GymsSportsCentresPartial,5/31/2021,NA
Switzerland,IndoorOver100,3/13/2020,3/19/2020
Switzerland,IndoorOver100,6/6/2020,6/22/2020
Switzerland,IndoorOver100,5/31/2021,6/25/2021
Switzerland,IndoorOver1000,3/2/2020,3/12/2020
Switzerland,IndoorOver1000,6/23/2020,10/1/2020
Switzerland,IndoorOver50,10/29/2020,1/17/2021
Switzerland,IndoorOver50,4/19/2021,5/30/2021
Switzerland,IndoorOver500,6/26/2021,NA
Switzerland,MasksMandatoryAllSpaces,7/6/2020,6/25/2021
Switzerland,MasksMandatoryClosedSpaces,6/26/2021,9/12/2021
Switzerland,MasksVoluntaryClosedSpaces,3/16/2020,7/5/2020
Switzerland,MassGather50,3/20/2020,6/5/2020
Switzerland,MassGather50,10/29/2020,5/30/2021
Switzerland,MassGatherAll,2/28/2020,10/1/2020
Switzerland,MassGatherAll,10/29/2020,5/30/2021
Switzerland,MassGatherAllPartial,5/31/2021,NA
Switzerland,NonEssentialShops,3/20/2020,5/11/2020
Switzerland,NonEssentialShops,1/18/2021,3/1/2021
Switzerland,NonEssentialShopsPartial,12/11/2020,1/17/2021
Switzerland,OutdoorOver100,3/13/2020,3/19/2020
Switzerland,OutdoorOver100,6/6/2020,6/22/2020
Switzerland,OutdoorOver100,4/19/2021,5/30/2021
Switzerland,OutdoorOver1000,2/28/2020,3/12/2020
Switzerland,OutdoorOver1000,7/7/2020,10/1/2020
Switzerland,OutdoorOver500,6/23/2020,7/6/2020
Switzerland,OutdoorOver500,5/31/2021,NA
Switzerland,PrivateGatheringRestrictions,3/20/2020,6/5/2020
Switzerland,PrivateGatheringRestrictions,10/19/2020,5/30/2021
Switzerland,PrivateGatheringRestrictionsPartial,5/31/2021,NA
Switzerland,QuarantineForInternationalTravellers,7/6/2020,NA
Switzerland,RestaurantsCafes,3/16/2020,6/6/2020
Switzerland,RestaurantsCafes,12/22/2020,4/18/2021
Switzerland,RestaurantsCafesPartial,10/29/2020,12/21/2020
Switzerland,RestaurantsCafesPartial,4/19/2021,NA
Switzerland,StayHomeGen,12/22/2020,1/22/2021
Switzerland,StayHomeRiskG,3/16/2020,NA
Switzerland,Teleworking,3/16/2020,1/17/2021
Switzerland,TeleworkingPartial,1/18/2021,NA
United Kingdom,BanOnAllEvents,9/14/2020,12/1/2020
United Kingdom,ClosDaycare,3/23/2020,5/31/2020
United Kingdom,ClosDaycarePartial,6/1/2020,9/1/2020
United Kingdom,ClosPrim,3/23/2020,5/31/2020
United Kingdom,ClosPrimPartial,6/1/2020,9/1/2020
United Kingdom,ClosPubAny,3/16/2020,5/9/2020
United Kingdom,ClosPubAnyPartial,5/10/2020,8/7/2020
United Kingdom,ClosPubAnyPartial,9/24/2020,12/1/2020
United Kingdom,ClosSec,3/23/2020,6/14/2020
United Kingdom,ClosSecPartial,6/15/2020,9/1/2020
United Kingdom,EntertainmentVenues,3/16/2020,7/2/2020
United Kingdom,EntertainmentVenues,11/5/2020,12/1/2020
United Kingdom,EntertainmentVenuesPartial,7/3/2020,8/7/2020
United Kingdom,GymsSportsCentres,3/20/2020,5/12/2020
United Kingdom,GymsSportsCentres,11/5/2020,12/1/2020
United Kingdom,GymsSportsCentresPartial,5/13/2020,7/9/2020
United Kingdom,HotelsOtherAccommodation,3/24/2020,7/2/2020
United Kingdom,HotelsOtherAccommodationPartial,11/5/2020,12/1/2020
United Kingdom,IndoorOver50,7/4/2020,9/13/2020
United Kingdom,MasksMandatoryClosedSpaces,7/27/2020,NA
United Kingdom,MasksVoluntaryClosedSpaces,6/9/2020,7/26/2020
United Kingdom,MassGather50,5/28/2020,12/1/2020
United Kingdom,MassGatherAll,5/28/2020,12/1/2020
United Kingdom,NonEssentialShops,3/23/2020,5/9/2020
United Kingdom,NonEssentialShops,11/5/2020,12/1/2020
United Kingdom,NonEssentialShopsPartial,5/10/2020,6/12/2020
United Kingdom,OutdoorOver50,5/28/2020,9/13/2020
United Kingdom,PlaceOfWorship,3/24/2020,5/18/2020
United Kingdom,PrivateGatheringRestrictions,3/24/2020,7/3/2020
United Kingdom,PrivateGatheringRestrictions,9/9/2020,12/1/2020
United Kingdom,QuarantineForInternationalTravellers,1/1/2020,3/14/2020
United Kingdom,QuarantineForInternationalTravellers,6/8/2020,6/29/2020
United Kingdom,QuarantineForInternationalTravellersPartial,11/6/2020,NA
United Kingdom,RegionalStayHomeOrder,10/23/2020,11/8/2020
United Kingdom,RegionalStayHomeOrder,12/20/2020,4/11/2021
United Kingdom,RestaurantsCafes,3/16/2020,7/2/2020
United Kingdom,RestaurantsCafes,11/5/2020,12/1/2020
United Kingdom,RestaurantsCafesPartial,9/24/2020,11/4/2020
United Kingdom,SocialCircle,9/9/2020,12/1/2020
United Kingdom,StayHomeGen,3/16/2020,3/23/2020
United Kingdom,StayHomeOrder,3/24/2020,5/9/2020
United Kingdom,StayHomeOrder,11/5/2020,12/1/2020
United Kingdom,StayHomeOrderPartial,5/10/2020,7/4/2020
United Kingdom,StayHomeRiskG,3/16/2020,7/5/2020
United Kingdom,StayHomeRiskG,11/5/2020,12/1/2020
United Kingdom,StayHomeRiskGPartial,7/6/2020,8/1/2020
United Kingdom,Teleworking,3/16/2020,5/9/2020
